"cipai_name","description","id"
"浣溪沙","本唐代教坊曲名，因西施浣纱于若耶溪，故又名《浣溪沙》或《浣沙溪》。上下片或上下阕三个七字句。四十二字。分平仄两体。平韵体流传至今。最早的是唐人韩偓词，是正体。上片或上阕三句全用韵，下片或下阕末二句用韵。过片二句用对偶句的居多。仄韵体始于南唐李煜。另有《摊破浣溪沙》，又名《山花子》上下片各增三字，韵位不变。","1601"
"水调歌头","《水调歌头》，是词牌名之一，又名《元会曲》、《凯歌》、《台城游》、《水调歌》，双调九十五字，上片九句四平韵、下片十句四平韵。唐朝大曲有“水调歌”，据《隋唐嘉话》，为隋炀帝凿汴河时所作 。宋乐入“中吕调”，见《碧鸡漫志》卷四。凡大曲有“歌头”，此殆裁截其首段为之。九十五字，前后片各四平韵。亦有前后片两六言句夹叶仄韵者，有平仄互叶几于句句用韵者。","1602"
"菩萨蛮","菩萨蛮，本唐教坊曲，后用为词牌，也用作曲牌。亦作“菩萨鬘”，又名“子夜歌”“重叠金”“花间意”“梅花句”“花溪碧”“晚云烘日”等。此调为双调小令，以五七言组成，四十四字。用韵两句一换，凡四易韵，平仄递转，以繁音促节表现深沉而起伏的情感，历来名作极多。","1603"
"鹧鸪天","鹧鸪天，词牌名，又名“思佳客”“思越人”“醉梅花”“半死梧”“剪朝霞”等。定格为晏几道《鹧鸪天·彩袖殷勤捧玉钟》，此调双调五十五字，前段四句三平韵，后段五句三平韵。代表作有苏轼《鹧鸪天·林断山明竹隐墙》等。","1604"
"满江红","满江红，词牌名，又名《上江虹》、《念良游》、《伤春曲》。唐人小说《冥音录》载曲名《上江虹》，后更名《满江红》。宋以来始填此词调。《钦定词谱》以柳永“暮雨初收”词为正格。九十三字，前片四十七字，八句，四仄韵；后片四十六字，十句，五仄韵。用入声韵者居多，格调沉郁激昂，前人用以发抒怀抱，佳作颇多。另有平声格，双调九十三字，前片八句四平韵，后片十句五平韵。","1605"
"临江仙","临江仙，词牌名，原为唐代教坊曲名。又名“谢新恩”“雁后归”“画屏春”“庭院深深”“采莲回”“想娉婷”“瑞鹤仙令”“鸳鸯梦”“玉连环”。格律俱为平韵格，双调小令，字数有五十二字、五十四字、五十八字、五十九字、六十字、六十二字六种。常见者全词分两片，上下片各五句，三平韵。此调唱时音节需流丽谐婉，声情掩抑。","1606"
"蝶恋花","蝶恋花，词牌名，原是唐教坊曲，后用作词牌，本名“鹊踏枝”，又名“黄金缕”“卷珠帘”“凤栖梧”“明月生南浦”“细雨吹池沼”“一箩金”“鱼水同欢”“转调蝶恋花”等。以南唐冯延巳《蝶恋花·六曲阑干偎碧树》（一作晏殊词）为正体，此体为双调六十字，前后段各五句四仄韵，另有变体二种。","1607"
"西江月","西江月，唐教坊曲名，后用为词牌名，又名“白蘋香”“步虚词”“江月令”等。唐五代词本为平仄韵异部间协，宋以后词则上下阕各用两平韵，末转仄韵，例须同部。以柳永词《西江月·凤额绣帘高卷》为正体，双调五十字，前后段各四句两平韵一叶韵。另有五十字前后段各四句两平韵两叶韵，五十一字前后段各四句两平韵两仄韵，五十六字前后段各四句三平韵等变体。代表作有辛弃疾《西江月·夜行黄沙道中》等。","1608"
"念奴娇","念奴娇，著名词牌名之一，得名于唐代天宝年间的一个名叫念奴的歌伎，名篇有苏轼的《念奴娇·赤壁怀古》、《念奴娇·中秋》等。此调有平仄韵二体，常见的为仄韵。《词谱》以苏轼“凭空眺远”词为仄体正格。","1609"
"减字木兰花","减字木兰花，词牌名，又名“减兰”“木兰香”“天下乐令”“玉楼春”“偷声木兰花”“木兰花慢”等。定格为欧阳修《减字木兰花·歌檀敛袂》，此调双调四十四字，前后段各四句，两仄韵两平韵。代表作有李清照《减字木兰花·卖花担上》等。","1610"
"沁园春","沁园春，词牌名，又名“东仙”“寿星明”“洞庭春色”等。以苏轼词《沁园春·孤馆灯青》为正体，双调一百十四字，前段十三句四平韵，后段十二句五平韵。另有双调一百十六字，前段十三句四平韵，后段十三句六平韵；双调一百十二字，前段十三句四平韵，后段十二句五平韵等变体。代表作有毛泽东《沁园春·雪》等。","1611"
"点绛唇","点绛唇，词牌名，又名“点樱桃”“十八香”“南浦月”“沙头雨”“寻瑶草”等。以冯延巳词《点绛唇·荫绿围红》为正体，双调四十一字，前段四句三仄韵，后段五句四仄韵。另有四十一字前后段各五句四仄韵，四十三字前段四句三仄韵，后段五句四仄韵的变体。代表作有苏轼《点绛唇·红杏飘香》等。","1612"
"贺新郎","贺新郎，词牌名，又名“金缕曲”、“乳燕飞”、“貂裘换酒”、“金缕词”、“金缕歌”、“风敲竹”、“贺新凉”等。传作以《东坡乐府》所收为最早，惟句豆平仄，与诸家颇多不合，因以《稼轩长短句》为准。该词牌一百十六字，上片五十七字，下片五十九字，各十句六仄韵。","1613"
"清平乐","《清平乐》（qīng píng yuè），词牌名，又名《清平乐令》、《醉东风》、《忆萝月》，为宋词常用词牌。晏殊，晏几道，黄庭坚，辛弃疾等著名词人均用过此调，其中晏几道尤多。","1614"
"虞美人","虞美人，词牌名，又名“一江春水”“玉壶水”“巫山十二峰”等。以李煜词毛文锡词为正体，李词为双调五十六字，前后段各四句，两仄韵、两平韵；毛词为双调五十八字，前后段各五句，两仄韵，三平韵。另有五十六字两仄韵两平韵，五十八字五平韵，五十八字前段五句五平韵，后段五句两仄韵三平韵的变体。代表作有李煜《虞美人·春花秋月何时了》《虞美人·风回小院庭芜绿》等。","1615"
"满庭芳","《满庭芳》是词牌名，又名《锁阳台》、《满庭霜》、《潇湘夜雨》、《话桐乡》、《满庭花》等。《清真集》入“中吕调”，《太平乐府》注“中吕宫”，高拭词注“中吕调”。双调九十五字，前片四平韵，后片五平韵。过片二字，亦有不叶韵连下为五言句者，另有仄韵词，仄韵者，《乐府雅词》中名《转调满庭芳》。","1616"
"水龙吟","出自李白诗句“笛奏水龙吟”。水龙吟又名《龙吟曲》、《庄椿岁》、《小楼连苑》。一百零二字，前后片各四仄韵。此调句读各家不同，《词谱》分立二谱。上片十一句四仄韵，下片十一句五仄韵。此调气势雄浑，宜用以抒写激奋情思。","1617"
"好事近","词牌名。又名《钓船笛》，《张子野词》入“仙吕宫”。双调四十五字，前后片各两仄韵，以入声韵为宜。两结句皆上一、下四句法。","1618"
"木兰花","唐教坊曲，《金奁集》入“林钟商调”。《花间集》所录三首各不相同，兹以韦庄词为准。五十五字，前后片各三仄韵，不同部换叶。《尊前集》所录皆五十六字体，北宋以后多遵用之。《乐章集》及《张子野词》并入“林钟商”。其名《木兰花令》者，《乐章集》入“仙吕调”，前后片各三仄韵（平仄句式与《玉楼春》全同，但《乐章集》以《玉楼春》入“大石调”，似又有区别）。","1619"
"渔家傲","渔家傲，词牌名，又名“渔歌子”“渔父词”等。以晏殊词《渔家傲·画鼓声中昏又晓》为正体，双调六十二字，前后段各五句，五仄韵。另有六十二字四仄韵一叠韵，六十二字两平韵三叶韵，六十六字五仄韵的变体。 代表作有范仲淹《渔家傲·秋思》等。","1620"
"朝中措","朝中措，词牌名，又名“照江梅”“芙蓉曲”“梅月圆”等。以欧阳修词《朝中措·送刘仲原甫出守维扬》为正体，双调四十八字，前段四句三平韵，后段五句两平韵。另有双调四十八字，前后段各四句三平韵；双调四十九字，前段四句三平韵，后段五句两平韵等变体。代表作有朱敦儒《朝中措·先生筇杖是生涯》等。","1621"
"卜算子","词牌名，又名《百尺楼》、《眉峰碧》、《楚天遥》等。相传是借用唐代诗人骆宾王的绰号。骆宾王写诗好用数字取名，人称“卜算子”。 北宋时盛行此曲。万树撰《词律》以为取义于“卖卜算命之人”。双调，四十四字，上下片各两仄韵。两结亦可酌增衬字，化五言句为六言句，于第三字豆。宋教坊复演为慢曲，《乐章集》入“歇指调”。八十九字，前片四仄韵，后片五仄韵。","1622"
"谒金门","《谒金门》，原为唐教坊曲，后用为词牌，双调，仄韵四十五字。代表作有冯延巳的《谒金门·风乍起》李好古的《谒金门·花过雨》等。","1623"
"南乡子","南乡子，词牌名，又名“好离乡”“蕉叶怨”，原为唐教坊曲名。原为单调，始自后蜀欧阳炯，直至南唐冯延巳始增为双调。以欧阳炯《南乡子·画舸停桡》为正体，单调，二十七字，五句两平韵、三仄韵。单调有二十八字、三十字等变体，平仄换韵。双调有五十四、五十六、五十八字等变体。南乡子定格为双调五十六字，上下片各四平韵，一韵到底。代表作有辛弃疾《南乡子·登京口北固亭有怀》等。","1624"
"玉楼春","词牌名，又名“归朝欢令”“呈纤手”“春晓曲”“惜春容”“归朝欢令”等。以顾夐词《玉楼春·拂水双飞来去燕》为正体，双调五十六字，前后段各四句三仄韵。另有双调五十六字，前段四句三仄韵，后段四句两仄韵等变体。代表作有欧阳修《玉楼春·尊前拟把归期说》等。","1625"
"浪淘沙","浪淘沙，唐教坊曲。刘禹锡、白居易并作七言绝句体，五代时始流行长短句双调小令，又名《卖花声》。28字，前后片各四平韵，多作激越凄壮之音。《乐章集》名《浪淘沙令》。入“歇指调”，前后片首句各少一字。复就本宫调演为长调慢曲，共一百三十四字，分三段，第一、二段各四仄韵，第三段两仄韵，定用入声韵（唐宋人词，凡同一曲调，原用平声韵者，如改仄韵，例用入声，原用入声韵者，亦改作平韵。","1626"
"踏莎行","踏莎行，踏（音ta，去声）莎（音suo，阴平，莎草）行，是词牌名。《踏莎行》又名《柳长春》《喜朝天》等。双调五十八字，仄韵。又有《转调踏莎行》，双调六十四字或六十六字，仄韵。","1627"
"南歌子","南歌子，词牌名，又名“南柯子”“怕春归”“”春宵曲”“碧窗梦”“风蝶令”等。以温庭筠《南歌子·手里金鹦鹉》为正体，单调二十三字，五句三平韵。另有单调二十六字，五句三平韵；双调五十二字，前后段各四句三平韵；双调五十四字，前后段各四句三平韵等变体。代表作有李清照《南歌子·天上星河转》等。","1628"
"生查子","词牌名。又名“相和柳”“梅溪渡”“陌上郎”“遇仙楂”“愁风月”“绿罗裙”“楚云深”“梅和柳”“晴色入青山”等。原唐教坊曲，后用为词调。有双调五体，字数有四十、四十一、四十二三种。正体双调，四十字。前后段各四句，两仄韵。代表作有北宋欧阳修《生查子·元夕》、晏几道《生查子·关山魂梦长》等。","1629"
"柳梢青","词牌名，又名“陇头月”“玉水明沙”“早春怨”云淡秋空”“雨洗元宵”等。以秦观词《柳梢青·吴中》为正体，双调四十九字，前段六句三平韵，后段五句三平韵。另有四十九字前段六句两平韵，后段五句三平韵，五十字前段六句两仄韵，后段五句两仄韵等变体。代表作有蔡伸《柳梢青·数声鶗鴂》等。","1630"
"望江南","望江南，词牌名。又名《忆江南》、《梦江南》、《江南好》。原唐教坊曲名，后用为词牌。《金奁集》入“南吕宫”。段安节《乐府杂录》：“《望江南》始自朱崖李太尉（德裕）镇浙日，为亡妓谢秋娘所撰。本名《谢秋娘》，后改此名。”廿七字，三平韵。中间七言两句，以对偶为宜。第二句亦有添一衬字者。宋人多用双调。代表作有温庭筠《望江南·梳洗罢》、苏轼《望江南·超然台作》等。","1631"
"鹊桥仙","《鹊桥仙》，词牌名，又名《鹊桥仙令》、《金风玉露相逢曲》、《广寒秋》等，双调五十六字，前后阕各两仄韵，一韵到底。前后阕首两句要求对仗。","1632"
"蓦山溪","《蓦山溪》，词牌名。又名《上阳春》、《蓦溪山》。《清真集》入“大石调”。双片八十二字，前片六仄韵，后片四仄韵。亦有前片四仄韵，后片三仄韵者，列为别格。","1633"
"如梦令","词牌名。又名“忆仙姿”“宴桃源”“无梦令”等。以李存勗《忆仙姿·曾宴桃源深洞》为正体，单调三十三字，七句五仄一叠韵。另有三十三字六仄韵，三十三字四仄韵一叠韵，三十三字五平韵一叠韵，以及六十六字五仄韵一叠韵的变体。代表作有李清照《如梦令·常记溪亭日暮》等。","1634"
"诉衷情","诉衷情，词牌名，又名“桃花水”“诉衷情令”“渔父家风”等。以温庭筠《诉衷情·莺语》为正体，该词为单调三十三字，十一句五仄韵六平韵。另有三十三字九句六平韵两仄韵，三十七字九句六平韵两仄韵，四十一字前段五句四平韵后段四句四平韵，四十一字前段五句四平韵后段四句三平韵的变体。代表作有陆游《诉衷情·当年万里觅封侯》等。","1635"
"木兰花慢","木兰花慢，词牌名。原为唐教坊曲。《金奁集》入“林钟商调”，五十五字，前后片各三仄韵，不同部换叶。代表作有辛弃疾词《木兰花慢·席上送张仲固帅兴元》等。","1636"
"洞仙歌","洞仙歌，原唐教坊曲，后用为词牌。原用以咏洞府神仙。敦煌曲中有此调，但与宋人所作此词体式不同。有中调和长调两体。《常以《东坡乐府》之《洞仙歌令》为准。《洞仙歌》共八十三字，前后片各三仄韵。前片第二句是上一、下四句法，后片收尾八言句是以一去声字领下七言，紧接又以一去声字领下四言两句作结。前片第二句亦有用上二、下三句法，并于全阕增一、二衬字，句读平仄略异者。","1637"
"九日",,"1638"
"阮郎归","词牌名，又名“碧桃春”“宴桃源”“濯缨曲”等。以李煜词《阮郎归·呈郑王十二弟》为正体，双调四十七字，前段四句四平韵，后段五句四平韵。另有双调四十七字，前段四句三平韵一重韵，后段五句两平韵两重韵的变体。代表作有苏轼《阮郎归·初夏》等。","1639"
"江城子","词牌名，又名“村意远”“江神子”“水晶帘”。兴起于晚唐，来源于唐著词曲调，由文人韦庄最早依调创作，此后所作均为单调，直至北宋苏轼时始变单调为双调。有单调四体，字数有三十五、三十六、三十七三种；双调一体，七十字，上下片各七句，五平韵。格律多为平韵格，双调体偶有填仄韵者。代表作有宋苏轼《江城子·密州出猎》等。","1640"
"青玉案","青玉案，词牌名，取于东汉张衡《四愁诗》：“美人赠我锦绣段，何以报之青玉案”一诗。又名《横塘路》、《西湖路》，双调六十七字，前后阕各五仄韵，上去通押。","1641"
"醉落魄","《醉落魄》，南唐李煜词有此调，载《尊前集》。又名《一斛珠》、《怨春风》、《章台月》等。双调五十七字，仄韵。","1642"
"摸鱼儿","唐教坊曲，后用为词牌。一名《摸鱼子》，又名《买陂塘》、《迈陂塘》、《双蕖怨》等。宋词以晁补之《琴趣外篇》所收为最早。双片一百一十六字，前片六仄韵，后片七仄韵。双结倒数第三句第一字皆领格，宜用去声。","1643"
"长相思","词牌名，又名“吴山青”“山渐青”“相思令”“长思仙”“越山青”等。以白居易词《长相思·汴水流》为正体，双调三十六字，前后段各四句三平韵一叠韵。另有三十六字前段四句三平韵一叠韵，后段四句三平韵，三十六字前后段各四句四平韵等变体。代表作有纳兰性德《长相思·山一程》等。","1644"
"渔父",,"1645"
"瑞鹤仙",,"1646"
"小重山","词牌名，又名《小重山令》。《金奁集》入“双调”。唐人例用以写“宫怨”，故其调悲。五十八字，前后片各四平韵。","1647"
"八声甘州","《八声甘州》既是词牌名也是曲牌名。词牌《八声甘州》又名《甘州》、《潇潇雨》、《宴瑶池》，是从唐教坊大曲《甘州》截取一段改制的。后用为词牌。因全词前后片共八韵，故名八声，慢词。与《甘州遍》之曲破，《甘州子》之令词不同。《词语》以柳永词为正体。曲牌《八声甘州》南北曲均有此曲牌，属仙吕宫。","1648"
"喜迁莺","《喜迁莺》，又名《鹤冲天》、《万年枝》、《春光好》等，词牌名。双片一百零三字，前后片各五仄韵。另有平仄韵转换变格。","1649"
"感皇恩","唐教坊曲名。感皇恩：双调六十七字，前后段各七句，四仄韵。陈旸《乐书》：祥符中，诸工请增龟兹部如教坊，其曲有双调《感皇恩》。《金词》注：大石调；《中原音韵》注：南吕宫。党怀英词，名《叠萝花》。","1650"
"采桑子","采桑子，词牌名，又名“丑奴儿令”“丑奴儿”“罗敷媚歌”“罗敷媚”等。以和凝《采桑子·蝤蛴领上诃梨子》为正体，双调四十四字，前后段各四句三平韵。另有四十八字前后段各四句两平韵一叠韵；五十四字前段五句四平韵，后段五句三平韵的变体，代表作有欧阳修《采桑子·群芳过后西湖好》等。","1651"
"定风波","定风波，词牌名，又名“卷春空”“定风波令”“”醉琼枝”“定风流”等。以欧阳炯词《定风波·暖日闲窗映碧纱》为正体，双调六十二字，前段五句三平韵两仄韵，后段六句四仄韵两平韵。另有双调六十三字，前段五句三平韵两仄韵，后段六句四仄韵两平韵；双调六十字，前段五句三平韵两仄韵，后段五句两平韵两仄韵；双调六十字，前后段各五句两平韵两仄韵等变体。代表作有苏轼《定风波·莫听穿林打叶声》等。","1652"
"醉蓬莱","《醉蓬莱》，词牌名。又名《雪月交光》、《冰玉风月》。《乐章集》入“林钟商”。双片九十七字，前片十一句，后片十二句；前后片各四仄韵；前片第一、第五、第八三句，后片第六、第九两句，皆上一、下四句法。","1653"
"忆秦娥","词牌名。双调，共四十六字，有仄韵、平韵两体。仄韵格为定格，多用入声韵，上下片各三仄韵一叠韵。世传唐代伟大诗人李白首制此词，中有“秦娥梦断秦楼月”句，故名。别名甚多，有“秦楼月”“碧云深”“双荷叶”等。代表作品除《忆秦娥·箫声咽》外，尚有李清照《忆秦娥·临高阁》与贺铸《忆秦娥·映朦胧》等。","1654"
"齐天乐","齐天乐，又名“台城路”、“五福降中天”、“如此江山”。《清真集》、《白石道人歌曲》、《梦窗词集》并入“正宫”（即“黄钟宫”）。兹以姜词为准，一百二字，前后片各六仄韵。前片第七句、后片第八句第一字是领格，例用去声，亦有前后片首句有不用韵者。","1655"
"霜天晓",,"1656"
"少年游","词牌名，始见于晏同叔《珠玉词》。又名少年游令、小阑干、玉腊梅枝。《词谱》卷八“调见《珠玉词》，因词有‘长似少年时’句，取以为名。《乐章集》注林钟商调。韩淲词有‘明窗玉蜡梅枝好’句，更名玉腊梅枝。萨都剌词名小阑干。此调最为参差，今分七体，其源俱出于晏（殊）词。”","1657"
"眼儿媚","《眼儿媚》，词牌名，又名《秋波媚》。双调四十八字，前片三平韵，后片两平韵。","1658"
"霜天晓角","霜天晓角，词牌名。又名“月当窗”、“长桥月”、“踏月”。越调，仄韵格。各家颇不一致，通常以辛弃疾《稼轩长短句》为准。双调四十三字，前后片各三仄韵。别有平韵格一体。","1659"
"丑奴儿","词牌名。又名《采桑子》、《丑奴儿令》、《罗敷媚》、《罗敷艳歌》。唐教坊大曲有《杨下采桑》，是兼有歌舞的大曲。南卓《羯鼓录》作《凉下采桑》，属“太簇角”。《丑奴儿》为双调小令，殆就大曲中截取一遍为之。《尊前集》注“羽调”，《张子野词》入“双调”。四十四字，前后片各三平韵。别有添字格，两结句各添二字，两平韵，一叠韵。","1660"
"祝英台",,"1661"
"永遇乐","词牌名，始创于柳永，分上下两阙，共一百零四字。苏轼、李清照、辛弃疾、刘辰翁等均用此词牌创作过，留下不少脍炙人口的名篇。","1662"
"千秋岁","著名词牌名之一，此调有平仄韵二体，常见的为仄韵。《词谱》以苏轼“凭空眺远”词为仄体正格。","1663"
"风入松","古琴曲有《风入松》，传为晋嵇康所作，见《乐府诗集》卷五十九。唐·释皎然有《风入松歌》，又名《风入松慢》、《松风吟》。","1664"
"汉宫春","词牌名。《高丽史·乐志》名《汉宫春慢》。《梦窗词集》入“夹钟商”。各家句读多有出入，通常以《稼轩长短句》为准。九十六字，前后片各四平韵。","1665"
"江神子","词牌名，即江城子，原为唐词单调，始见《花间集》韦庄词，单调三十五字，七句五平韵。后演化为双调七十字，前后阕格式相同，各五平韵，一韵到底。衰落于金元，金元时这一词调表现范围进一步扩大，有近三分之一《江神子》词是道士所创作，内容与道教有关。","1666"
"更漏子","词牌名，又名《付金钗》《独倚楼》《翻翠袖》等。此调有两体，四十六字者始于温庭筠，唐宋词最多。《尊前集》注：大石调。又属商调。一百四字者，止杜安世词，无别首可录。 比较著名的有《更漏子·玉炉香》、《更漏子·柳丝长》等。","1667"
"乌夜啼",,"1668"
"祝英台近","《祝英台近》，词牌名。又名《月底修箫谱》。始见《东坡乐府》。元高栻词入“越调”，殆是唐宋以来民间流传歌曲。","1669"
"声声慢","声声慢，词牌名。据传蒋捷作此慢词俱用“声”字入韵，故称此名。亦称《胜胜慢》、《凤示凰》、《寒松叹》、《人在楼上》，最早见于北宋晁补之笔下。双调，上片十句，押四平韵，四十九字；下片九句，押四平韵，四十八字，共九十七字。又有仄韵体（一般押入声）。用“仙吕调”。","1670"
"行香子","词牌名，又名《爇心香》。双调小令，六十六字。有前段八句四平韵，后段八句三平韵；前段八句五平韵，后段八句三平韵；前段八句五平韵，后段八句四平韵三种。","1671"
"雨中花","雨中花是词牌名之一，双调五十一字，前后段各四句、三仄韵。代表作有宋代晏殊的《雨中花·夜行船》。","1672"
"瑞鹧鸪","瑞鹧鸪，词牌名。又名《五拍》、《天下乐》、《太平乐》、《桃花落》、《舞春风》、《鹧鸪词》、《拾菜娘》、《报师思》等。据《词谱》说，《瑞鹧鸪》原本七言律诗，因唐人用来歌唱，遂成词调。双调，五十六字，前段四句三平韵，后段四句两平韵。中间两联例用对偶。此调既可平起，也可仄起，如七律格式。另有六十四字体、八十六字体、八十八字体，是变格。","1673"
"南柯子","《南柯子》，唐教坊曲名。又名《春宵曲》、《十爱词》、《南歌子》、《水晶帘》、《风蝶令》、《宴齐山》、《梧南柯》、《望秦川》、《碧窗梦》等，后用为词牌。双调者有平韵仄韵两体。 平韵者始自毛熙震词，周邦彦、杨无咎、僧挥五十四字体，无名氏五十三字体。","1674"
"风流子","唐教坊曲名，用作词调名。分为单调、双调两种体格，上阕十二句，下阕十一句，共一百一十字。上阕第二、六、八、十二句，下阕第三、五、九、十一句押平声韵。","1675"
"武陵春","武陵春，词牌名，双调小令，又作“武林春”，又以贺铸词中引用李白《清平调三首》“云想衣裳花想容”句，别名“花想容”。以毛滂词《武陵春·风过冰檐环佩响》为正体，双调四十八字，上下阕各四句三平韵。另有两种种变体。代表作有李清照《武陵春·风住尘香花已尽》。","1676"
"烛影摇红","烛影摇红，词牌名，又名“玉珥坠金环”“忆故人”“秋色横空”等。以毛滂词《烛影摇红·送会宗》为正体，双调四十八字，前段四句两仄韵后段五句三仄韵。另有双调五十字，前段五句两仄韵后段五句三仄韵；双调九十六字，前后段各九句五仄韵的变体。代表作有廖世美《烛影摇红·题安陆浮云楼》等。","1677"
"桃源忆故人",,"1678"
"昭君怨","本调四十字，前后阕相同。第一、二、三句，正与﹝如梦令﹞句法相同；惟﹝如梦令﹞第三句不用韵，此则换用平韵。第四句三字，即协平韵，句法为仄平平，不可移易。","1679"
"酒泉子","《酒泉子》，词牌名之一。有两体，一为温庭筠体，为词牌正格，双片四十一字，全阕以四平韵为主，四仄韵两部错叶；二为潘阆体，又名《忆馀杭》。除温庭筠与潘阆外，还有孙光宪等词人用过此调。以酒泉郡地名作曲名，原为唐教坊曲。此调格体甚多，《钦定词谱》列有40字、41字、42字、43字、44字、45字等共22体。","1680"
"夜行船","《太平乐府》、元人词归入双调，黄绍功词名其为“明月棹孤舟”。又入曲，亦在双调，可作散套首牌，有幺篇同始调，可用可不用。","1681"
"杏花天","有三体，一为五十四字，二为五十五字，三为五十六字，均双调，前后段各四句，四仄韵。蒋氏《九宫谱目》入越调，辛弃疾词《杏花风》。此调微近《端正好》，坊本颇多误刻，今以六字折腰者为《端正好》，六字一气者为《杏花天》。双调五十四字，前后段各四句，四仄韵。","1682"
"一落索","词牌名。双调，四十六字（另有多种字数不同变格，不予例举），两阕平仄格式，各三仄韵。欧阳修词名《洛阳春》，张先词名《玉连环》，辛弃疾词名《一络索》。","1683"
"应天长","词牌名，又名《应天长令》、《应天长慢》。此调有小令、长调两体。小令始于韦庄。五十字，前后片各五句四仄韵。各家用此调字数有增减，但以韦庄词为正体。长调始于柳永，九十四字，前片十句六仄韵，后片十句七仄韵。另有九十八字体，句式与柳永词有出入。","1684"
"画堂春","画堂春，词牌名。有四种格式，前片四平韵，后片三平韵。见于《淮海居士长短句》，《山谷琴趣外篇》于两结句各添一字。比较有名的词作有张先的《画堂春·外湖莲子长参差》、秦观的《画堂春·落红铺径水平池》、纳兰性德的《画堂春·一生一代一双人》等。","1685"
"金缕曲","词牌名，词牌名。又名“贺新郎”﹑“乳燕飞”。亦作曲牌名。传作以《东坡乐府》所收为最早，惟句豆平仄，与诸家颇多不合，因以《稼轩长短句》为准。一百十六字，前后片各六仄韵。代表作品有《金缕曲·于役石柱谒秦夫人庙》等。","1686"
"最高楼","《最高楼》，词牌名。南宋后作者较多，一般以辛弃疾《稼轩长短句》为准。双片八十一字，前片四平韵，后片三平韵，过片错叶二仄韵。体势轻松流美，渐开元人散曲先河。","1687"
"醉桃源","醉桃源又名《阮郎归》、《碧桃春》。《神仙记》载刘晨、阮肇入天台山采药，遇二仙女，留住半年，思归甚苦。既归则乡邑零落，经已十世。曲名本此，故作凄音。四十七字，前后片各四平韵。","1688"
"调笑",,"1689"
"一翦梅",,"1690"
"杨柳枝","杨柳枝此调有多种词体，28字四句三平韵。此调本有隋曲，与隋堤有关。传至开元，白居易新翻入健舞曲已非旧声。王灼《碧鸡漫志》卷五，“《乐府杂录》云：白傅作《杨柳枝》。予考乐天晚年与刘梦得唱和此曲词。白云：‘古歌旧曲君休听，听取新翻《杨柳枝》。’又作《杨柳枝》二十韵云：‘乐童翻怨调，才子与妍词。’注云：‘洛下新声也’。刘梦得亦云：‘诸君莫听前朝曲，听取新翻《杨柳枝》。’盖后来始变新声。”","1691"
"花心动","此调宋词始于阮逸女所作的这首词。双调一百零四字，仄韵格。各家词字数、句读、押韵或有小异。","1692"
"思佳客","即《鹧鸪天》，又名《思越人》等。双调，五十五字，平韵格。此调双调五十五字，前段四句三平韵，后段五句三平韵。","1693"
"天仙子","原为唐教坊曲名，后用作词调名，据唐人段安节《乐府杂录》云：“《天仙子》本名《万斯年》,李德裕进，属龟兹部舞曲。因皇甫松词有‘懊恼天仙应有以’句，取以为名”。此调有单调、双调，唐人用单调，宋以后始有双调，双调即依单调叠一遍成上下两片68字，这里只列举单调34字六句五仄韵一体。","1694"
"兰陵王",,"1695"
"忆王孙","词牌名，又名“独脚令”“忆君王”“豆叶黄”“画蛾眉”等。以李重元《忆王孙·春词》为正体，该词为单调三十一字，五句五平韵。另有单调三十一字，五句三平韵两叶韵，双调五十四字，前后段各四句三仄韵的变体。代表作有纳兰性德《忆王孙·西风一夜翦芭蕉》等。","1696"
"行路难",,"1697"
"春游",,"1698"
"六州歌头","《六州歌头》，词牌名。程大昌《演繁露》：“《六州歌头》，本鼓吹曲也。近世好事者倚其声为吊古词，音调悲壮，又以古兴亡事实文之。闻其歌，使人慷慨，良不与艳词同科，诚可喜也。”","1699"
"醉花阴","《醉花阴》是一种词牌名，又名《九日》，双调小令，仄韵格，五十二字。上下阕各五句，一般以李清照《醉花阴·薄雾浓云愁永昼》为正格。","1700"
"子夜",,"1701"
"桂枝香","《桂枝香》又名《疏帘淡月》。兹以王安石《临川先生文集》为准。双片一百零一字。前后片各五仄韵，宜用入声部韵。前后片第二句第一字是领格，宜用去声。《桂枝香》这个词牌最负盛名的是王安石《桂枝香·金陵怀古》。","1702"
"探春",,"1703"
"一剪梅","词牌名。双调小令，六十字，上、下片各六句，句句平收，叶韵则有上、下片各三平韵、四平韵、五平韵、六平韵数种，声情低抑。亦有句句叶韵者，代表作品有：李清照《一剪梅·红藕香残玉簟秋》等。","1704"
"望海潮","望海潮，词牌名。以柳永词《望海潮·东南形胜》为正体，双调一百七字，前段十一句五平韵，后段十一句六平韵。另有前段十一句五平韵，后段十二句七平韵变体。代表作有秦观《望海潮·洛阳怀古》等。","1705"
"高阳台","《高阳台》，词牌名，调名取自宋玉《高唐赋》，楚怀王游高唐，倦而昼寝，梦巫山神女前来，称愿荐枕席。临行时，又自称：妾在巫山之阳，高丘之阻，旦为朝云，暮为行雨，朝朝暮暮，阳台之下。又名《庆春泽》。双调一百字，前后片各四平韵，亦有于两结三字豆处增叶一韵者。","1706"
"折杨柳",,"1707"
"苏幕遮","《苏幕遮》原是唐玄宗时教坊曲名，来自西域，后用作词牌。双调，六十二字，上下片各四仄韵。","1708"
"出塞",,"1709"
"忆旧游","词牌名。《清真集》入“越调”。双调一百零二字，前片四平韵，后片五平韵。过片二字亦可不叶。","1710"
"品令","词牌名，双调五十二字，前段四句三仄韵，后段四句两仄韵。","1711"
"贺新凉","始见苏轼词，原名《贺新凉》，因词中有“乳燕飞华屋，悄无人，桐阴转午，晚凉新浴”句，故名。后来将“凉”字误作“郎”字。《词谱》以叶梦得词作谱。一百一十六字。上片五十七字，下片五十九字，各十句六压韵。 后人又改名《贺新郎》、《乳燕飞》、《金缕曲》、《貂裘换酒》、《金缕衣》、《金缕词》、《金缕歌》、《风敲竹》、《雪月江山夜》等。","1712"
"相见欢","相见欢，词牌名，又名“乌夜啼”“忆真妃”“月上瓜州”等。以薛昭蕴《相见欢·罗襦绣袂香红》为正体，双调三十六字，前段三句三平韵，后段四句两仄韵两平韵。另有双调三十六字，前段三句三平韵，后段四句一叶韵一叠韵两平韵；双调三十六字，前段三句三平韵，后段三句两平韵等变体。代表作有李煜《相见欢·无言独上西楼》等。","1713"
"惜分飞","词牌名，又名《惜芳菲》、《惜双双》等。毛滂创调，词咏唱别情。全词共50字，双调，上、下阙各四句，句句用仄韵。","1714"
"浣沙溪","本唐代教坊曲名，因西施浣纱于若耶溪，故又名《浣溪沙》或《浣沙溪》。上下片或上下阕三个七字句。四十二字。分平仄两体。平韵体流传至今。最早的是唐人韩偓词，是正体。上片或上阕三句全用韵，下片或下阕末二句用韵。过片二句用对偶句的居多。仄韵体始于南唐李煜。另有《摊破浣溪沙》，又名《山花子》上下片各增三字，韵位不变。","1715"
"相见欢","相见欢，词牌名，又名“乌夜啼”“忆真妃”“月上瓜州”等。以薛昭蕴《相见欢·罗襦绣袂香红》为正体，双调三十六字，前段三句三平韵，后段四句两仄韵两平韵。另有双调三十六字，前段三句三平韵，后段四句一叶韵一叠韵两平韵；双调三十六字，前段三句三平韵，后段三句两平韵等变体。代表作有李煜《相见欢·无言独上西楼》等。","1716"
"河传","词牌名之一。《金奁集》所收令词并入“南吕宫”，《乐章集》入“仙吕调”。这一词牌格式衍变甚多，比较常用的有六十一字、五十五字、五十四字等格式。代表作有温庭筠《河传·同伴》等。","1717"
"玉蝴蝶",,"1718"
"解连环","解连环，词牌名，又名“望梅”“杏梁燕”等。以柳永词《望梅·小寒时节》为正体，双调一百零六字，前段十一句五仄韵，后段十句五仄韵。另有双调一百零六字，前后段各十句五仄韵的变体。代表作有张炎《解连环·孤雁》等。","1719"
"燕归梁","词牌名，调见宋晏殊《珠玉词》，因词有“双燕归飞绕画堂，似留恋虹梁”句，故名。柳永“织锦裁篇”词注“正平调”。“轻嗫罗鞋”词注“中吕调”。","1720"
"夜游宫","词牌名。双调五十七字，上下片各六句、四仄韵双调五十七字，上下片各六句、四仄韵，《清真集》入“般涉调”。","1721"
"御街行","御街行，词牌名。又名《孤雁儿》。《乐章集》及《张子野词》并入“双调”。一般以范仲淹词为准。全词重头七十八字，上下片各四仄韵。下片亦有略加衬字者，列为变格。","1722"
"大酺",,"1723"
"木兰花令","木兰花令，原唐教坊曲名，后用为词牌，《太和正音谱》注“高平调”。按《花间集》载《木兰花》、《玉楼春》两调，其七字八句者为《玉楼春》体，《木兰花》则韦词、毛词、魏词共三体，从无与《玉楼春》同者。自《尊前集》误刻以后，宋词相沿，律多混填。柳永《乐章集》入“仙吕调”，双调小令。全词共五十六字，七言八句，上、下片各四句三仄韵。","1724"
"女冠子","此调最初是咏女道士的，故以此名之。唐教坊曲名用作词调名。小令始于温庭筠，长调始于柳永。 此调有不同格体。小令41字长调有107字、l10字、111字、112字、113字、114字等诸体，俱为双调，这里只列小令一体，上片五句两仄韵两平韵，下片四旬两平韵。","1725"
"壶中天","念奴娇，著名词牌名之一，得名于唐代天宝年间的一个名叫念奴的歌伎，名篇有苏轼的《念奴娇·赤壁怀古》、《念奴娇·中秋》等。此调有平仄韵二体，常见的为仄韵。《词谱》以苏轼“凭空眺远”词为仄体正格。","1726"
"西河",,"1727"
"疏影",,"1728"
"玉漏迟",,"1729"
"扫花游","词牌名。又名《扫地花》《扫地游》。以周邦彦词有“任占地持杯，扫花寻路”句，故名。双调，九十五字，上片十一句六仄韵，下片十句七仄韵。","1730"
"宴清都","《宴清都》，词牌名。《清真集》、《梦窗词集》并入“中吕调”。兹以吴文英词为准。双片一百零二字，前片五仄韵，后片四仄韵。后片第六句以一字领下三字。","1731"
"步蟾宫","词牌名。蒋氏《九宫谱目》，入南吕引子；又名“钓台词”、“折丹桂”。有五十九字、五十八字、五十七字、五十六字、五十五字五种格式。代表作品有钟过《步蟾宫·东风又送酴釄信》等。","1732"
"宴桃源","《宴桃源》，词牌名，是五代时后唐庄宗李存勗的自度曲。因嫌其名不雅遂取尾句“如梦，如梦，残月落花烟重”中的“如梦”改名《如梦令》。又名《忆仙姿》，《不见》，《如意令》，《无梦令》，《比梅》等。原词为单调。正体33字，7句5仄韵1叠韵。","1733"
"唐多令","《唐多令》，词牌名，《太和正音谱》注“越调”，亦入高平调。也写作《糖多令》，又名《南楼令》、《箜篌曲》等。双调，六十字，上下片各四平韵，亦有前片第三句加一衬字者。","1734"
"婆罗门",,"1735"
"探春令",,"1736"
"忆江南","本为唐教坊曲名，后用作词牌。又名《望江南》、《梦江南》《江南好》《望江梅》《春去也》《梦游仙》《安阳好》《步虚声》《壶山好》《望蓬莱》《江南柳》等。《金奁集》入“南吕宫”。单调二十七字，三平韵。中间七言两句，以对偶为宜。第二句亦有添一衬字者。宋人多用双调。","1737"
"一丛花","词牌名，双调，七十八字，前后段各七句，四平韵。康熙钦定词谱载此调只有此体，宋词俱照此填，惟句中平仄小异。以张先“不如桃杏，犹解嫁东风”一首最为有名。","1738"
"天香",,"1739"
"秋霁","词牌名，据传此调始于宋人胡浩然，因赋秋晴，故名为《秋霁》。又有《春霁》之称。此调有多种格体，现举一体为倒。双调，上片十句，押六仄韵，五十字；下片十一句，押四仄韵，五十五字，共一百O五字。","1740"
"太常引","词牌名，《太和正音谱》注“仙吕宫”，又名《太清引》。又因韩淲词有“小春时候腊前梅”句，故又名《腊前梅》。","1741"
"摊破浣溪沙","摊破浣溪沙，词牌名，一名“山花子”。实为“浣溪沙”之别体，不过上下片各增三字，移其韵于结句而已。双调，四十八字，上片四句三平韵，下片四句两平韵。代表作有李璟词《摊破浣溪沙·手卷真珠上玉钩》、《摊破浣溪沙·菡萏香销翠叶残》等。","1742"
"婆罗门引","婆罗门引，词牌名，《梅苑》词名《婆罗门》，段克己词名《望月婆罗门引》。按唐《教坊记》有《婆罗门》小曲，《宋史·乐志》有婆罗门舞队。《乐苑》曰：“《婆罗门》，商调曲也。开元中，西凉节度杨敬述进。”《理道要诀》云：“天宝十三载，改《婆罗门》为《霓裳羽衣》，属黄钟宫。”宋词调名疑出于此。","1743"
"人月圆","词牌名。此调始于王诜，因词中“人月圆时”句，取以为名。吴激词有“青衫泪湿”句，又名“青衫湿”。《中原音韵》入“黄钟宫”。双调四十八字，前片五句两平韵，后片六句两平韵。","1744"
"减兰","词牌名，又名“减字木兰花”“木兰香”“天下乐令”“玉楼春”“偷声木兰花”“木兰花慢”等。定格为欧阳修《减字木兰花·歌檀敛袂》，此调双调四十四字，前后段各四句，两仄韵两平韵。","1745"
"台城路",,"1746"
"渔歌子","《渔歌子》，又名《渔歌曲》《渔父》《渔父乐》《渔夫辞》，原唐教坊曲名，后来人们根据它填词，又成为词牌名。原为单调廿七字，四平韵。中间三言两句，例用对偶。后来此调多用为双调。“子”即“曲”，《渔歌子》即《渔歌曲》。","1747"
"渡江云",,"1748"
"真珠帘",,"1749"
"贺圣朝","本调四十九字，首句七字，平起仄韵。次句五字，为上一下四，第一字与第二字，必须为仄及平，无可通融。第三句为不协韵之平起平收七言句。第四句句法与第二句同；但“一分风雨”之“一”字，乃以入声做平声耳。后阕换头，做四字两句，多有作对偶，一不协韵，一协韵，亦有俱不协韵者。以下三句，均同前阕。","1750"
"秋蕊香",,"1751"
"宝鼎现","《宝鼎现》，词牌名。始见康与之《顺庵乐府》。此调以康与之词为正格，以《须溪词》为变格。全词一百五十七字，分三段，前段四仄韵，中段五仄韵，后段五仄韵。","1752"
"春光好","唐教坊曲名用作词调名，此调为双调，有40字、41字、42字、43字、48字等不同格体。这里只列一体，40字，上片五句三平韵，下片四句两平韵。据《碧鸡漫志》、《羯鼓录》云：“明王尤爱羯鼓玉笛，为八音之领袖。时春雨始晴，景色明丽。","1753"
"破阵子","破阵子，词牌名，又名“十拍子”等。定格为晏殊《破阵子·海上蟠桃易熟》，此调双调六十二字，前后段各五句三平韵。代表作有辛弃疾《破阵子·为陈同甫赋壮词以寄》等。","1754"
"绛都春","词牌名。《梦窗词集》入“仙吕调”。兹以朱淑真咏梅词为准。双片一百字，前后片各六仄韵。前片第五句，后片第四句，皆以下句前四字与上句为对偶，与一般七言句有所不同。第二句第一字是领格，宜用去声。","1755"
"哨遍","词牌名。一作《稍遍》，始见《东坡词》。以苏词一阕为准，二百三字，仍依各本只分两段。前段五仄韵，四平韵，后段五平韵，八仄韵，同部参差错叶。《康熙词谱》谓：“其体颇近散文”。","1756"
"倾杯",,"1757"
"二郎神",,"1758"
"一萼红","词牌名，双调一百零八字。有平韵、仄韵两体：仄韵体有见《乐府雅词》中的北宋无名氏词。平韵体始见于南宋姜夔词。此调仄韵格使用者极少。两体字数相同。平韵体上片十一句五平韵，下片十句四平韵。上下片第二句是领字格，第六句例为拗句。歇拍前一句，可平收也可仄收。","1759"
"南浦",,"1760"
"多丽","词牌名。又名《绿头鸭》、《陇头泉》等。双调一百三十九字，前片六平韵，后片五平韵。亦有于首句起韵者。变格改用仄韵（入声韵），一百四十字。相传“多丽”本为妓女名。","1761"
"六么令",,"1762"
"凤凰台上忆吹箫","凤凰台上忆吹箫，词牌名，又名“忆吹箫”等。以晁补之词《凤凰台上忆吹箫·自金乡之济至羊山迎次膺》为正体，双调九十七字，前段十句四平韵，后段九句五平韵。另有九十七字，九十六字，九十五字的变体。代表作有李清照《凤凰台上忆吹箫·香冷金猊》等。","1763"
"满路花","词牌名，有平韵、仄韵二体。平韵者，始自柳永，《乐章集》注仙吕调。仄韵者，始自秦观，或名《满路花》，无“促拍”二字，秦观词，一名《满园花》；周邦彦词，名《归去难》；袁去华词，名《一枝花》；牛真人词，名《喝马一枝花》；《太平乐府》注南吕调。","1764"
"雨中花令","《雨中花令》为词牌名。王观词，名《送将归》。按，《雨中花》调，与《夜行船》调最易相混，宋人集中，每多误刻。今照《花草粹编》所编，以两结句五字者，为《雨中花》；两结句六字、七字者，为《夜行船》。","1765"
"开元乐",,"1766"
"芳草",,"1767"
"调笑令","《调笑令》，词牌名的一种。有多种格式。源自中唐，《乐府诗集》载，中唐时《三台调笑》等六词，即所谓《中唐六调》；本是六言乐府诗，后乃演为长短句之词。部分文献称它为拗体之滥觞（起源）。","1768"
"绮罗香",,"1769"
"南楼令","《唐多令》，词牌名，《太和正音谱》注“越调”，亦入高平调。也写作《糖多令》，又名《南楼令》、《箜篌曲》等。双调，六十字，上下片各四平韵，亦有前片第三句加一衬字者。","1770"
"忆仙姿","词牌名，是五代时后唐庄宗李存勖的自度曲。因嫌其名不雅遂取尾句“如梦，如梦，残月落花烟重”中的“如梦”改名《如梦令》。又名《宴桃园》，《不见》，《如意令》，《无梦令》，《比梅》等。原词为单调。正体33字，7句5仄韵1叠韵。","1771"
"百字令","著名词牌名之一，得名于唐代天宝年间的一个名叫念奴的歌伎。此调有平仄韵二体，常见的为仄韵。《词谱》以苏轼“凭空眺远”词为仄体正格。名篇有苏轼的《念奴娇·赤壁怀古》、《念奴娇·中秋》等。","1772"
"塞翁吟","《塞翁吟》，词牌名。调见《清真乐府》，取《淮南子》塞上叟事为调名。双调九十二字，前段十句六平韵，后段九句四平韵","1773"
"玲珑四犯","《玲珑四犯》此调创自周邦彦《清真集》，方千里、杨泽民、陈允平俱有和词。姜夔又有自度黄钟商曲。","1774"
"减字浣溪沙","减字偷声是词乐家创作时的手法。和一首词的曲调虽有定格，但在歌唱之时，还可以对音节韵度，略有增减，使其美听。《减字浣溪沙》是北宋词人贺铸所著。","1775"
"巫山一段云","《巫山一段云》，唐教坊曲，原咏巫山神女事。后用为词牌。双调小令，四十四字，前后片各三平韵。《乐章集》增两字，后片转用两仄韵，两平韵，与通行词体不同。","1776"
"鹊踏枝","鹊踏枝是词牌名，即《蝶恋花》，又名《黄金缕》、《凤栖梧》、《卷珠帘》、《一箩金》。其词牌始于宋，双片六十字，前后片各四仄韵。","1777"
"潇湘神","《潇湘神》，又名《潇湘曲》，词牌名。原为唐代潇湘间祭祀湘妃神曲，刘禹锡为填两词，见《刘梦得文集》卷八。单调二十七字，三平韵，叠一韵。","1778"
"庆清朝","词牌名，音婉转，变体“庆清朝慢”。双调，九十七字。前后段各十句，四平韵。","1779"
"归朝欢","柳永创制词牌，《乐章集》注“夹钟商”。辛弃疾词有“菖蒲自照清溪绿”句，名《菖蒲绿》。双调一百四字，前后段各九句、六仄韵。","1780"
"竹枝","唐教坊曲名。竹枝词本是巴渝（今四川省东部重庆市一带）民歌中的一种。唱时，以笛、鼓伴奏，同时起舞。声调宛转动人。刘禹锡任夔州刺史时，依调填词，仿照楚辞九歌，写了数篇佳作。时人争相唱和，流行一时。","1781"
"琴调",,"1782"
"暗香","姜夔自度“仙吕宫”曲，与《疏影》为组曲，有乐谱传世。后张炎用以咏荷花荷叶，更名《红情》、《绿意》。此曲九十七字，前片五仄韵，后片七仄韵，例用入声韵部。前片第五字，后片第六字，皆领格字，宜用去声。","1783"
"卖花声","卖花声，词牌名，即“浪淘沙”。调出于乐府（《乐府诗集》收入近代曲中），以二十八字为正格，而以本调为变体，又名《曲入冥》、《过龙门》、《卖花声》，而《谢池春》亦名《卖花声》，不容稍混也。","1784"
"河满子",,"1785"
"菊花新",,"1786"
"琐窗寒",,"1787"
"倦寻芳",,"1788"
"捣练子","《捣练子》，词牌名。又名《咏捣练》、《捣练子令》、《夜如年》、《杵声齐》、《夜捣衣》、《剪征袍》、《望夫妇》、《深院月》。宋人黄舆所编《梅苑》中收入无名氏词八首，其一首起句为“捣练子”，即以此为词名。此调有单调，也有双调。单调为27字五句三平韵。","1789"
"乳燕飞",,"1790"
"垂丝钓","《垂丝钓》，词牌名，《中原音韵》注“商角调”。《太平乐府》注“商调”。此调有两体，分别为双调六十六字，上片八句七仄韵，下片七句六仄韵。双调六十六字，上片八句七仄韵，下片七句六仄韵。此与周词同，惟前段第三句五字、第四句三字异。 按杨词别首前段第三、四句“逸调响穿空，云不度”正与此同。","1791"
"秋夜雨",,"1792"
"导引",,"1793"
"西湖",,"1794"
"西施",,"1795"
"醉太平","《醉太平》是曲牌名。元代贯云石、王元鼎、张可久等词人作过《醉太平》散曲，其中以张可久的《醉太平·人皆嫌命窘》最为有名。","1796"
"解语花",,"1797"
"雨中花慢","雨中花慢，词牌名，《乐章集》注“林钟商”。其词有平韵、仄韵两体。平韵者，始自苏轼；仄韵者，始自秦观。收录苏轼词两首，第一首，上片写梦境；下片写梦中的思想活动。","1798"
"东风第一枝","东风第一枝，词牌名，也作曲牌名。据传为吕渭老所首创，原为咏梅而作。又名“琼林第一枝”。双调，上片九句，押四仄韵，五十字；下片八句，押五仄韵，五十字，共一百字。代表作品有史达祖的《东风第一枝·春雪》等。","1799"
"琴调相思引",,"1800"
"霓裳中序第一","《霓裳中序第一》，词牌名，是姜夔根据他所发现的《商调·霓裳曲》的中序部分所填的词。双调一百零一字，前片七仄韵，后片八仄韵，例用入声部韵。","1801"
"洞庭春色",,"1802"
"传言玉女","《传言玉女》出自汉班固《汉武帝内传》：“帝闲居承华殿，忽见一女子曰：我墉宫玉女王子登也，至七月七日，王母暂来，言讫，不知所在，世所谓传言玉女也。”此调有不同诸格体，俱为双调。此列其一律。前、后片各八句，共七十四字。前后片第二、四、六、八句押韵，用仄声韵。","1803"
"瑞龙吟","北宋末期著名的词人周邦彦所创调，著词一首，名为“瑞龙吟”。此调有不同诸格体，俱为三片，在此只列一体。前、中片第一、三、六句和后片第三、五、七、九、十、十二、十三、十五、十七句押韵，均用仄声韵。前两片称为“双拽头”。","1804"
"愁倚阑",,"1805"
"意难忘",,"1806"
"锦堂春",,"1807"
"花犯",,"1808"
"阳春",,"1809"
"玉烛新",,"1810"
"过秦楼","调见《乐府雅词》，作者李甲。因词中有“曾过秦楼”句，遂取以为名。109字，前11句5平，后11句4平后1、2、4、5、9句是领字格。据《词谱》考证，周邦彦《片玉词》，后人把他的《选官子》词刻作《过秦楼》，各谱遂名周词《选官子》为仄韵《过秦楼》。但两体不一，不能将《过秦楼》调另分仄体韵。","1811"
"早梅芳",,"1812"
"豆叶黄",,"1813"
"两同心","词牌名，又有别名“仙源拾翠”。双调六十八或七十二字，有仄、平韵及三声叶韵三体，其中仄韵者创自柳永，平韵者创自晏几道，三声叶韵者创自杜安世。代表作有北宋晏几道《两同心·楚乡春晚》、北宋柳永《两同心·伫立东风》、宋代杨无咎《两同心·秋水明眸》等。","1814"
"留春令","词牌名，双调五十字，上阙五句二仄韵，下阙四句三仄韵。晏几道始填该调。","1815"
"看花回","《看花回》，词牌名，琴曲有《看花回》，调名本此。此调有两体，八种格。六十八字者始自柳永，《乐章集》注“大石调”，《中原音韵》注“越调”，无别首宋词可校。一百一字者始自黄庭坚，有周邦彦、蔡伸、赵彦端诸词可校。双调六十八字，上下片各六句、四平韵。双调六十七字，上下片六句、四平韵。","1816"
"胜胜慢",,"1817"
"绿头鸭","词牌名之一，又称为《跨金鸾》、《鸭头绿》、《陇头泉》等。一百三十九字，前片六平韵，后片五平韵。亦有于首句起韵者。变格改用入声韵。平仄两体，此为平韵，139字，上片六平韵，下片五平韵。","1818"
"梅花引","《梅花引》是古代的词牌名，此调有两体，五十七字者，《中原音韵》注“越调”。高宪词有“须信在家贫也乐”句，名《贫也乐》。一百十四字者，即五十七字体再加一叠，贺铸词名《小梅花》。","1819"
"极相思","彭乘《墨客挥犀》云：仁庙时，皇族中太尉夫人，一日入内，再拜告帝曰，妾有夫，不幸为婢妾所惑，帝怒，流婢于千里，夫人亦得罪，居瑶华宫，太尉罚俸而不得朝。经岁，方春暮，夫人为词曲，名《极相思》，或加“令”字。双调四十九字，前段五句三平韵，後段五句两平韵","1820"
"安阳好",,"1821"
"竹枝词",,"1822"
"七娘子",,"1823"
"八六子","词牌名。《尊前集》所收杜牧之作为九十字，句读与北宋诸家多有出入。通常以《淮海词》为准，双调八十八字，前片三平韵，后片五平韵。","1824"
"十二时",,"1825"
"满庭霜",,"1826"
"滴滴金",,"1827"
"霜叶飞",,"1828"
"鹤冲天","《鹤冲天》，词牌名。双调八十四字，前段九句五仄韵，後段八句五仄韵。 另有词牌《喜迁莺》、《风光好》的别名也叫鹤冲天。","1829"
"鱼游春水",,"1830"
"山花子","山花子，唐教坊曲名，后用为词牌。此调在五代时为杂言《浣溪沙》之别名，即就《浣溪沙》的上下段中，各增添三个字的结句，故又名《摊破浣溪沙》或《添字浣溪沙》，《高丽史·乐志》名《感恩多令》。亦有径称《浣溪沙》者，见敦煌曲子词。又因南唐李璟词“细雨梦回”两句颇著名，故又称《南唐浣溪沙》。双调四十八字，平韵。敦煌曲子词中的一首则押仄韵。","1831"
"尾犯","词牌名。又名“碧芙蓉”。双调，以九十四字为较常见，仄韵。","1832"
"侧犯","词牌名。陈旸《乐书》云：“唐自天后末年，剑气入浑脱，始为犯声。明皇时，乐人孙处秀善吹笛，好作犯声。时人以为新意而效之，因有犯调。”姜夔词注云：“唐人乐书以宫犯羽者为侧犯。”此调创自周邦彦，调名或本于此。此调有不同诸格体，俱为双调。在此只列一体。前、后片各九句，共七十七字。前片第二、三、四、六、七、九句和后片第二、三、五、七、九句押韵，均用仄声韵。","1833"
"安公子","隋末新翻乐曲，唐时为教坊曲，后用为词牌。双调，有八十字、一百零六字等体，仄韵格。比较著名的作品有北宋柳永的《安公子·远岸收残雨》和南宋袁去华的《安公子·弱柳丝千缕》。","1834"
"华胥引",,"1835"
"东坡引","词牌名。双调四十八字，前段四句四仄韵，后段五句四仄韵。这个词调的前后段两个结句，宋人大多用迭句，惟曹冠、袁去华词，二首独无。","1836"
"夜合花",,"1837"
"夜飞鹊","《夜飞鹊》，词牌名。始见《清真集》，入“道宫”。《梦窗词》集入“黄钟商”。双调一百零六字，前片五平韵，后片四平韵。","1838"
"步虚词",,"1839"
"抛球乐","原为五言六句，唐人抛球催酒时所唱，教坊因以名曲。《抛球乐》也是曲牌名。一名《彩楼春》。属北曲黄钟宫。后用为词牌名。单调三十字者始于刘禹锡，四十字者始于冯延巳，四十二字者见《云谣集杂曲子》无名氏词，皆平韵。至柳永以旧曲名创为新调，始有双调一百八十七字体，仄韵。","1840"
"选冠子",,"1841"
"荷叶杯","《荷叶杯》，词牌名。唐教坊曲。《金奁集》入“双调”。单调小令，二十三字。温庭筠体以两平韵为主，四仄韵转换错叶。韦庄体重填一片，增四字，以上下片各三平韵为主，错叶二仄韵。","1842"
"海棠春","此调始自秦观，因词中有“试问海棠花，昨夜开多少”句，故名。马庄父词名《海棠花》，史达祖词名《海棠春令》。双调四十八字，前後段各四句，三仄韵。","1843"
"惜黄花",,"1844"
"惜奴娇","惜奴娇，词牌名源自于大曲名称。元高拭词注：双调。按《高丽史·乐志》，宋赐大晟乐内有《惜奴娇曲破》，择其雅者，亦为类列。","1845"
"剔银灯","《剔银灯》是常见词牌名。创始于宋代。《乐章集》注“仙吕调”。金词亦注“仙吕调”。元高拭词注“中吕宫”。蒋氏《九宫谱》属中吕调，名《剔灯引》，又称《剔银灯》。双调七十五字，前后段各七句五仄韵。此词以柳词、毛词、杜词为正体，若范词、衷词之添字，皆变格也。","1846"
"探芳信","探芳信，词牌名。又名“探芳讯”“西湖春”“玉人歌”。双调，上片九句，下片八句。在字数上，有八十九字、九十字两种格式。代表作品有史达祖《探芳信·谢池晓》、吴文英《探芳信·暖风定》等。","1847"
"尉迟杯","《尉迟杯》，此调有平韵、仄韵两体。仄韵者，见柳永《乐章集》，注夹钟商；平韵者，见晁补之《琴趣外篇》。流传作品有柳永《尉迟杯·宠佳丽》、周邦彦《尉迟杯·离恨》、吴文英《尉迟杯·赋杨公小蓬莱》等。","1848"
"思越人",,"1849"
"何满子","是一个词牌名，双调共计七十四字，正格单调为三十六字，也有体裁为单调为三十七字，或双调七十四字。代表作是《何满子·秋怨》。","1850"
"金盏子","词牌名，见《高丽史·乐志》。 双调四十七字，前后段各五句、两平韵。","1851"
"金蕉叶","词牌名，此调始作于宋代柳永，见其《乐章集》。因词中有：“金蕉叶泛金波齐”，故名。物点：此词有不同诸体，下列其一。分上下双调。用仄声韵。","1852"
"庆春宫","此调《词谱》以南宋刘镇词为正体。双调，100字。上下片各4平韵。又名《庆春泽慢》，《高阳台》。","1853"
"一斛珠","词牌名，又名“醉落魄”“怨春风”“章台月”等，原为唐代教坊曲名。以李煜《一斛珠·晓妆初过》为正体，双调，五十七字，前后段各五句、四仄韵。另有双调，五十七字，前后段各五句、四仄韵等变体。代表作品有苏轼《一斛珠·洛城春晚》等。","1854"
"一寸金","柳永词，宋朝，双片108字，上片九句四仄韵，下片十句四仄韵。","1855"
"于飞乐",,"1856"
"于中好","词牌名。双调，五十五字，押平声韵。也是曲牌名。南曲仙吕宫、北曲大石调都有。字句格律都与词牌相同。北曲用作小令，或用于套曲。南曲列为“引子”，多用于传奇剧的结尾处。","1857"
"子夜歌","乐府曲名，现存四十二首，收于《乐府诗集》中。以五言为形式，以爱情为题材，后来延伸出多种变曲。另有词牌《菩萨蛮》的别称《子夜歌》。","1858"
"三登乐",,"1859"
"斗百花","词牌名，乐章集》注：正宫。晁补之词，一名《夏州》。双调八十一字，前段八句五仄韵，后段七句三仄韵","1860"
"隔浦莲近",,"1861"
"荔枝香近","《荔枝香》，一名《荔枝香近》，词分上下两阕。上阕四十字，含四个韵句，四仄韵。下阕三十六字，含四个韵句，四仄韵。该词以柳永词之句式为定格。宋代词人周邦彦作有《荔枝香近》两首。","1862"
"瑶台第一层","《瑶台第一层》为词牌名，自宋代有不少填词作品。宋陈师道《后山诗话》云：“武才人出庆寿宫，裕陵得之。会教坊献新声，为作词，号《瑶台第一层》。”","1863"
"江城梅花引","词牌名，又名《江梅引》﹑《摊破江城子》、《西湖明月引》、《明月引》等。《词律》谓""此词相传为前半用《江城子》，后半用《梅花引》，故合名《江城梅花引》，盖取'江城五月落梅花'句也。前半确然为《江城子》，而后半全不似《梅花引》，未知以为《梅花引》是何故也。""又说""或腔有可通，未可知也""。双调八十七字，有平﹑上﹑去三声叶韵与全押平韵两体八格。","1864"
"转调二郎神","《二郎神》是唐教坊曲名，经转变宫调为《转调二郎神》。据《词谱》考证：前片起句是三字的名《二郎神》，前片起句是四字的名《转调二郎神》，其他句读，两体亦有不同。《转调二郎神》见北宋徐伸词，一百零五字，前片十句四仄韵，后片十一句五仄韵。前片第三句、第八句，后片第四句，是上一下四句法。上片第一句第三字，第五句第五字，下片第七句第三字，例用去声。后端结句例作仄平平仄。","1865"
"金人捧露盘","《金人捧露盘》，词牌名，金词注“越调”。又名《铜人捧露盘引》、《上西平》、《西平曲》、《上平南》。此调别体亦多，通常以《东山寓声乐府》为准。双调八十一字，前片五平韵，后片四平韵。前六、后七两句，并以一去声字领下七言句。《词韵》于第三字豆，作上三下五句式。","1866"
"梦玉人引","《梦玉人引》，词牌名，此调有平韵、仄韵两体，字句大同小异。","1867"
"醉公子","醉公子唐教坊曲名用作词调名。《花间集》中有薛昭蕴、顾夐、尹鹗、阎选等《醉公子》五首，皆咏调名本意。《怀古录》三卷，南宋陈模字宏撰。其以此词为唐人作，未知所据。然宋人罕有作者，史达祖有《醉公子》一首，乃一百八字之长调，与五代时《醉公子》曲迥异。此调有两体，40字者昉自唐人，106字者昉自宋人。这里只列举一体，40字，上片句三仄韵，下片四句三平韵。","1868"
"上林春",,"1869"
"山坡羊","曲牌名。北曲中吕宫、南曲商调，都有同名曲牌。南曲较常用，字数定格据《九宫大成谱》所载，南曲大抵是七、七、七、八、三、五、七、八、二、五、二、五（十二句）。北曲较简单。常用作小令，或用在套曲中。","1870"
"西平乐","西平乐，词牌名， 此调有仄韵、平韵两体。仄韵者始自柳永，《乐章集》注“小石调”。平韵者始自周邦彦，一名《西平乐慢》。","1871"
"扬州慢","词牌名，又名“胜胜慢”“朗州慢”。以姜夔《扬州慢·淮左名都》为正体，双调九十八字，前段十句四平韵，后段九句四平韵。另有双调九十八字，前段十句四平韵，后段九句四平韵等变体。代表作品有郑觉斋《扬州慢·琼花》等。","1872"
"阳春曲",,"1873"
"长亭怨",,"1874"
"石州慢","词牌名，一作《石州引》，又名《柳色黄》。《宋史·乐志》入“越调”。双调一百零二字，前片四仄韵，后片五仄韵。宜用入声韵部，两结句并用上一、下四句法。又有于后片第五、六两句作上六、下四者，为变格。","1875"
"玉团儿","调见周邦彦《片玉词》，因《清真集》不载，故方千里、杨泽民、陈允平俱无和词，宋惟卢炳、袁去华两词可校。双调五十二字，前後段各五句，三仄韵。","1876"
"定西番","《定西番》，唐教坊曲名，后用作词调名。《金奁集》入“高平调”。据《词林纪事》载，宋人陆游云：“牛峤《定西番》为塞下曲，《望江怨》为闺中曲，是盛唐遗音。”此调有不同格体，俱为双调，这里列举一体，三十五字，上片四句一仄韵两平韵：下片四句，两仄韵两平韵。四平韵为主，三仄韵借叶。","1877"
"探春慢","探春慢，词牌名，或作“探春”。一体为123字，南宋姜夔首创，有“衰草含烟”词。另一体是93字，为南宋吴文英首创，有“苔径曲深深”词。","1878"
"梦江南","梦江南，词牌名，又名《望江南》、《忆江南》、《江南好》、《春去也》，自唐代白居易作《忆江南》三首，本调遂改名为《忆江南》。","1879"
"惜双双",,"1880"
"桂殿秋","此调本唐·李德裕·送神迎神曲。李词中有“桂殿夜凉吹玉笙”句，调名本此。此调为单调。五句，二十七字。第二、三、五句押韵，均用平声韵。","1881"
"粉蝶儿","《粉蝶儿》，词牌名，始见于毛滂《东堂词》。一般以辛弃疾《稼轩长短句》为准。重头七十二字，前后片各四仄韵。","1882"
"宴琼林",,"1883"
"重叠金",,"1884"
"洛阳春",,"1885"
"夏云峰",,"1886"
"夏初临",,"1887"
"望秦川",,"1888"
"望远行","《望远行》，唐教坊曲，后用为词牌。原只小令，《金奁集》入“中吕宫”。北宋演为慢调，《乐章集》入“仙吕调”，又入“中吕调”，句豆小有出入。兹以“仙吕调”一曲为准。双片一百零六字，前片四仄韵，后片五仄韵。结尾倒数第二句第一字是领格，宜用去声。","1889"
"清商怨","古乐府有《清商曲辞》，其音多哀怨，故取以为名。周邦彦以晏词有〔关河愁思〕句，更名《关河令》，又名《伤情怨》。此调42字、43字诸体，俱为双调。","1890"
"悲哉行",,"1891"
"锁窗寒",,"1892"
"雨霖铃","《雨霖铃》是词牌名，也写作《雨淋铃》，节选自《乐章集》。相传唐玄宗入蜀时在栈道雨中听到铃声与山相应，想起杨贵妃，故作此曲《雨淋铃曲》。双调一百零三字，前后阕各五仄韵，本调常用入声韵，且多用拗句。","1893"
"怨王孙",,"1894"
"芰荷香","词牌名，调见《大声集》。金词注“双调”，九十八字，另有九十七字格。","1895"
"还京乐",,"1896"
"苏武慢","词牌名，又名选冠子，或选官子、转调选冠子、惜余春慢、仄韵过秦楼。据《御定词谱》共有十六体。词分上下两片，属于慢词。","1897"
"折桂令","折桂令系曲牌名，属北曲双调。也是昆曲里一支用途极广的北曲曲牌，又是京、昆两界演员，尤其是武戏演员最熟悉的曲牌。字数定格据《九宫大成谱》正格是六﹑四﹑四﹑四﹑四﹑四﹑七﹑七﹑四﹑四（十句），但是第五句以后可酌增四字句。或单用作小令，或用在双调套曲内。","1898"
"扑蝴蝶",,"1899"
"江南春",,"1900"
"庆春泽",,"1901"
"小桃红",,"1902"
"三部乐",,"1903"
"天净沙","属越调，是曲牌名。单调二十八字，五句四平韵、一叶韵。另一体裁单调二十八字，五句三平韵、两叶韵。","1904"
"月下笛",,"1905"
"薄幸",,"1906"
"望梅","即《解连坏》﹐双调﹐一百零六字﹐仄韵。此调创自柳永﹐以词有“信有早梅﹐偏占阳和﹐及时送香来﹐望明艳遥知非雪”句﹐故名“望梅”。后因周邦彦词有“好手能解连环”句﹐更名“解连环”。","1907"
"春晴",,"1908"
"六丑","词牌名。此为周邦彦创作“中吕调”曲。据周密《浩然斋雅谈》，邦彦曾对宋徽宗云：“此犯六调，皆声之美者，然绝难歌。昔高阳氏有子六人，才而丑，故以比之。”一百四十字，前片八仄韵，后片九仄韵。例用入声部韵，诸领格字并用去声。","1909"
"三台",,"1910"
"入塞",,"1911"
"碧牡丹",,"1912"
"紫骝马",,"1913"
"解佩令","《解佩令》，词牌名，此调始见于晏几道《小山乐府》。调名取义于郑交甫遇汉皋神女解佩事。全词重头六十六字，上下片各五仄韵。第一、二句亦有不用韵者。","1914"
"塞垣春",,"1915"
"瑶台聚八仙","《瑶台聚八仙》，词牌名。瑶台为仙人所居，错见于唐人诗中。八仙之称，最早亦起于唐，李白与贺知章、李适之、王璡、崔宗之、苏晋、张旭、焦遂为饮中八仙，杜甫有《饮中八仙歌》，事见《新唐书》。此词即并取上义以为名。且词中有“醉餐石髓，白眼青天”句，正杜诗中“宗之潇洒美少年，举觞白眼望青天，皎如玉树临风前”之语，尤可见词名之由来矣。又名《新雁过妆褛》、《八宝妆》。","1916"
"浪淘沙令","浪淘沙令，词牌名，又名“过龙门”“炼丹砂”“”卖花声”等。以李煜词《浪淘沙令·帘外雨潺潺》为正体，双调五十四字，前后段各五句四平韵。另有双调五十三字，前后段各五句四平韵；双调五十五字，前段六句四平韵，后段五句四平韵；双调五十二字，前后段各五句四平韵等变体。代表作有王安石《浪淘沙令·伊吕两衰翁》等。","1917"
"鼓笛慢",,"1918"
"月上海棠","这是一种词牌名。此调有两体，七十字者，见《梅苑》无名氏词，又名《玉关遥》；九十一字者，见姜夔《白石词》，又名《月上海棠慢》。","1919"
"长相思令",,"1920"
"丑奴儿慢","又名《丑奴儿近》、《采桑子慢》、《愁春未醒》。双调九十字。叶韵方式颇有不同。有仄韵间叶一平韵者，有平韵间叶一仄韵者，有通篇平韵者，有平仄互叶者。","1921"
"踏青游",,"1922"
"醉翁操","《醉翁操》，琴曲名。也称《醉翁吟》、《醉翁引》。沈遵作曲，庐山道士崔闲谱声，苏轼配歌。歌中“醉翁”指欧阳修。此曲曲目见于《琴苑要录》。则全和尚曾以此曲为例，介绍宋代“调子”节奏的特点，可见醉翁操曾是很流行的作品。现存曲谱首见于明初《风宣玄品》。","1923"
"卜算子慢",,"1924"
"无闷",,"1925"
"孤鸾",,"1926"
"湘月","词牌名，即《念奴娇》。又名《百字令》、《酹江月》、《大江东去》、《壶中天》。宋曲入“大石调”，复转入“道调宫”，又转入“高宫大石调”。此调音节高抗，英雄豪杰之士多喜用之。兹以《东坡乐府》为准，“凭高远眺”一阕为定格，“大江东去”为变格。一百字，前后片各四仄韵。其用以抒写豪壮感情者，宜用入声韵部。另有平韵一格。","1927"
"丁香结",,"1928"
"大圣乐","词牌名，由歌舞曲大圣乐演变而来。据《宋史·乐志》记载：“道调宫。此调有平韵、仄韵两体。平韵体，见元朝蒲道源的《顺斋乐府》；仄韵体，见宋朝周密《苹洲渔笛谱》。","1929"
"庆宫春",,"1930"
"丹凤吟","双调，一百一十四字。前片十二句四仄韵，后片十一句五仄韵。减字有九十九字、一百十三字。","1931"
"忆少年","忆少年，词牌名。又名“十二时”、“桃花曲”、“陇首山”。晁补之创调。双调四十六字，前片两仄韵，后片三仄韵，亦以入声部为宜。两结皆上一、下四句法。亦有于过片处增一领格字者。","1932"
"折丹桂",,"1933"
"沙塞子","古时词牌名称，朱敦儒，葛立方，周紫芝等都写过此词牌的诗文。双调四十二字，前后片各五句，两平韵。也有作四十九字﹑五十字，前后各四句三平韵或三仄韵的。","1934"
"赤枣子","原唐教坊曲名，后用作词调名。“子”有小的含义，是词调名称之一，大体属于小曲。此调为单调。五句，二十七字。第二、三、五句押韵，均用平声韵。","1935"
"青门引","词牌名。调见《乐府雅词》及《天机余锦》词。属小令，双调五十二字，上片五句，下片四句。代表作有张先的《青门引·乍暖还轻冷》等。","1936"
"河渎神","河渎神，唐教坊曲名，后用为词牌。花庵《唐宋诸贤绝妙词选》云：“唐词多缘题，所赋《河渎神》则咏祠庙。”格律以孙光宪词作为准。双片四十九字，前片四平韵，后片四仄韵。","1937"
"昆明池",,"1938"
"春色满",,"1939"
"梁州令","词牌名，唐 教坊大曲有《凉州》，由大曲摘遍而为小令词调，因称《凉州令》， 宋 以后讹称《梁州令》。双调，有五十字、五十二字、五十五字三体，仄韵，曲牌名。南北曲均有，皆属正宫，字句格律相近，而与词牌不同。南曲用作引子。北曲仅见于诸宫调。","1940"
"喜朝天",,"1941"
"谢池春","谢池春，词牌名，又名“玉莲花”“怕春归”“”风中柳”“风可柳令”“卖花声”等。以陆游词《谢池春·贺监湖边》为正体，双调六十六字﹐前后段各六句四仄韵。另有六十四字五仄韵﹐以及六十四字四仄韵的变体。 代表作有刘因《风中柳·饮山亭留宿》等。","1942"
"望仙门",,"1943"
"昼锦堂",,"1944"
"望梅花","望梅花是词牌名。原为唐教坊曲名。此词有单调﹑双调﹐均为三十八字。单调六句六仄韵;双调前段三句二平韵﹐后段三句三平韵。双调尚有三体﹐字句迥异。","1945"
"黄莺儿","黄莺儿，词牌名。《乐章集》入“正宫”，为柳永创调，即咏黄莺儿。双片九十六字，前片四仄韵，后片五仄韵。前片第六、第七句，后片第七、第八句，各以一平声字领五言对句。代表作品有柳永《黄莺儿·园林晴昼春谁主》等。","1946"
"孤雁儿",,"1947"
"柳含烟","柳含烟，本为唐教坊曲名。后为词牌名。因前蜀毛文锡词中有“河桥柳占芳春映水含烟拂露”句而得名。双调。四十五字。前段五句三平韵；后段四句两仄韵两平韵。","1948"
"拜星月",,"1949"
"归去来",,"1950"
"玉壶冰",,"1951"
"玉连环",,"1952"
"四字令",,"1953"
"四园竹","词牌名。双调七十七字，前段八句三平韵、一叶韵，后段八句四平韵、一叶韵。","1954"
"江南好",,"1955"
"关河令","古乐府有《清商曲辞》，其音多哀怨，故取以为名。周邦彦以欧阳修有“关河愁思望处满”句，更名《关河令》，又名《伤情怨》。共三种体式。","1956"
"后庭花","后庭花唐教坊曲名用作词调名。张先词又名《玉树后庭花》。据宋人王灼《碧鸡漫志》云：“《玉树后庭花》陈后主造，其诗皆以配声律，遂取一句为曲名。伪蜀时，孙光宪、李殉有《后庭花》曲，皆赋后主故事。不著宫调，两段各四旬似令也”。此调有44字、46字等诸体，俱双调，这里列44字一体，上下片各四句四仄韵。","1957"
"八拍蛮","八拍蛮，唐教坊曲名。按，孙光宪词，所咏俱越中事，或即八拍之蛮歌也。《八拍蛮》作为词牌名，单调，二十八字，四句，二/三平韵。","1958"
"上西平",,"1959"
"双头莲",,"1960"
"一枝花",,"1961"
"拜星",,"1962"
"白雪",,"1963"
"醉春风",,"1964"
"燕山亭",,"1965"
"鼓笛令","此词调名，比较少见。万树《词律》卷八杜文澜按：“《词谱》以此词归人《水龙吟》调，注云：‘此添字《水龙吟》兼摊破句法，采人以备一体。”’与前《水龙吟》对照，字数句式，多有不同，当为另一体，而以鼓与笛为伴奏者也。","1966"
"醉思仙","调见·宋·吕渭老《圣求词》。词有“怎惯不思量”及“当时醉倒残红”句，因取为调名。参阅《词谱》二一。","1967"
"湘妃怨",,"1968"
"花发沁园春",,"1969"
"潇湘夜雨",,"1970"
"摊破丑奴儿",,"1971"
"隔浦莲近拍","隔浦莲近拍唐《白居易集》，有《隔浦莲》曲，调名本此，一名《隔浦莲》，又名《隔浦莲近》。双调七十三字，前後段各八句、六仄韵。","1972"
"偷声木兰花","唐教坊曲，《金奁集》入“林钟商调”。《花间集》所录三首各不相同，兹以韦庄词为准。五十五字，前后片各三仄韵，不同部换叶。《尊前集》所录皆五十六字体，北宋以后多遵用之。《乐章集》及《张子野词》并入“林钟商”。其名《木兰花令》者，《乐章集》入“仙吕调”，前后片各三仄韵（平仄句式与《玉楼春》全同，但《乐章集》以《玉楼春》入“大石调”，似又有区别）。别有《减字木兰花》，《张子野词》入“林钟商”，《乐章集》入“仙吕调”。四十四字，前后片第一、三句各减三字，改为平仄韵互换格，每片两仄韵、两平韵。","1973"
"新雁过妆楼",,"1974"
"玉树后庭花",,"1975"
"金菊对芙蓉",,"1976"
"添字浣溪沙",,"1977"
"春从天上来","春从天上来，词牌名。 调见《中州乐府》，吴激自度曲，双调一百四字，前段十一句六平韵，後段十一句五平韵。 此调以吴激词为正体，若张翥词之多押一韵，张炎词之添字，周伯阳词之减字，皆为变格。 此词牌《钦定词谱》收四种变体，《全宋词》录有三首。","1978"
"惜黄花慢","词牌名，此调有仄韵、平韵两体，仄韵者见《逃禅词》，平韵者见《梦窗词》。与《惜黄花令》词不同。","1979"
"拜星月慢","唐教坊曲，《宋史·乐志》入“般涉调”，《清真集》入“高平调”。《拜星月慢》为《钦定词谱》卷三十三第七调，双调一百零四字，前段十句四仄韵，后段八句六仄韵。前片第五句及结句，后片第四句及结句，皆上一、下四句式。目前只有周邦彦一词可校，为正体。","1980"
"遐方怨","遐方怨唐教坊曲名。此调有两体。单调者始於温庭筠，双调者始於顾敻、孙光宪。惟《花间集》有之，宋人无填此者。单调三十二字，七句四平韵。","1981"
"醉花间","《醉花间》，唐教坊曲，后用为词牌。《词谱》引《宋史·乐志》入“双调”。四十一字，前片三仄韵，一叠韵，后片三仄韵。","1982"
"踏歌词",,"1983"
"千秋岁引","词牌名，为《千秋岁》变格。八十字，前片四仄韵，后片五仄韵。","1984"
"公无渡河",,"1985"
"月照梨花",,"1986"
"长亭怨慢","长亭怨慢，词牌名。南宋音乐家、文学家姜夔“自度曲”之一，调属“中吕宫”。或作“长亭怨”，无“慢”字。","1987"
"沉醉东风","曲牌名，南北曲兼有。北曲属双调，南曲属仙吕入双调。","1988"
"不见",,"1989"
"夏州",,"1990"
"合欢",,"1991"
"一枝春",,"1992"
"露华",,"1993"
"一叶落","词牌名。单调，三十一字，七句，五仄韵、一叠韵。《五代史》云：后唐庄宗能自度曲，有四首载《尊前集》，此其一也，取首句为调名。","1994"
"月中行",,"1995"
"月华清","此词只有一体，宋、元人俱照此填。上片首起四字对句，第三句六字起韵，第六、七句为七字对句，句法上三下四，第八句二字短韵，结为两个四字句冠一字逗。下片起六字协韵，第二三句为二四字对句外加一字逗，第四句以下与上片第四句以后同。","1996"
"凤来朝","双调五十一字，前后段各四句，四仄韵。","1997"
"下水船","唐教坊曲名。按，唐王保定《摭言》：裴庭裕，乾宁中在内庭，文书敏捷，号“下水船”，调名取此。双调七十五字，前段七句五仄韵，后段八句六仄韵。","1998"
"十拍子",,"1999"
"千秋节",,"2000"
"买陂塘","即《摸鱼儿》。 宋 晁补之《摸鱼儿·东皋寓居》词：“买陂塘、旋栽杨柳，依稀 淮 岸 江 浦。”后遂以《买陂塘》、《迈陂塘》、《陂塘柳》为《摸鱼儿》的别名。双调，一百十六字，仄韵。","2001"
"百字谣",,"2002"
"伤情怨",,"2003"
"西溪子",,"2004"
"好女儿","此调有两体，45字者起于黄庭坚。因词有“懒系酥胸罗带，羞见绣鸳鸯”句，名《绣带儿》、《国门东》。《花草粹编》一作《绣带子》。62字者起于晏几道，与黄词迥别。双调四十五字，上片四句三平韵，下片五句三平韵。双调四十五字，上下片各四句、三平韵。","2005"
"红窗迥","亦名红窗影，词牌名，为双调，五十八字，仄韵。调见周邦彦《片玉词》。","2006"
"甘草子",,"2007"
"龙山会",,"2008"
"龙吟曲",,"2009"
"引驾行",,"2010"
"归国遥",,"2011"
"忆帝京","词牌名，柳永制曲，盖因忆在汴京之妻而命名，《乐章集》注“南吕调”。双调七十二字，上片六句四仄韵，下片七句四仄韵。","2012"
"迷神引",,"2013"
"思帝乡","《思帝乡》原是唐教坊曲名，后用作词调名。词起源于唐，流行于中唐以后，到宋而达极盛。","2014"
"怨回纥","怨回纥，此调本五言律诗，见《樽前集》。此调有双调，有单调。先介绍双调一体。上下片各四句，双旬押平声韵。皇甫词第一首云：白首南朝女，悉听异域歌。收兵颉利国，饮马胡卢河。结二句云：雕窠城上宿，吹笛泪滂沱。盖戍妇之怨词也。词写戍妇之思情，故名《怨回纥》。","2015"
"思远人","晏几道创调。词中有“千里念行客”句，取其意为调名。","2016"
"钗头凤","《钗头凤》是一个词牌名，又名《折红英》，原名《撷芳词》，相传取自北宋政和间宫苑撷芳园之名。后因有“可怜孤似钗头凤”词句，故名。六十字，上下片各七仄韵，两叠韵，两部递换。","2017"
"明月引",,"2018"
"驻马听","词牌，双调，九十三字，前片六平韵，后片四平韵。","2019"
"苍梧谣","词牌名。又名《十六字令》、《归梧谣》、《归字谣》等。全词十六字，三平韵，属于最短的词。","2020"
"清平调",,"2021"
"淡黄柳","《淡黄柳》，词牌名。宋姜夔自度曲，《白石道人歌曲》入“正平调”。全词重头六十五字，前片三仄韵，后片五仄韵，以用入声韵为宜。","2022"
"聒龙谣","调见朱敦儒《樵歌》词，因词有“聒龙嘴”句，取以为名。","2023"
"将进酒","乐府古题，原是汉乐府短箫铙歌的曲调。《乐府诗集》卷十六引《古今乐录》曰：“汉鼓吹铙歌十八曲，九曰《将进酒》。”《敦煌诗集残卷》三个手抄本此诗均题作“惜罇空”。《文苑英华》卷三三六题作“惜空罇酒”。","2024"
"胡捣练",,"2025"
"城头月","调见李昴英《文溪词》，和广帅马天骥韵，赠道士梁青霞作。此词盖马天骥所倡也，取词中起句为名。双调五十字，前后段各五句，三仄韵。","2026"
"亭前柳",,"2027"
"惜红衣","《惜红衣》，词牌名，《白石道人歌曲》所载“自度曲”之一。八十八字，前片五仄韵，后片六仄韵，宜用入声韵。前片结句与后片倒数第二句皆上一、下四句法。","2028"
"凄凉犯","凄凉犯，是词牌名。由姜夔自制曲，有乐谱传世，仙吕调犯双调。又名《瑞鹤仙影》。双片九十三字，仄韵。","2029"
"恋情深",,"2030"
"留客住","唐教坊曲名。《乐章集》注：林钟商。双调，九十八字，前段九句四仄韵，後段十句五仄韵。另有九十四字体。见《词谱》卷二六。","2031"
"茶瓶儿",,"2032"
"离亭宴",,"2033"
"离亭燕","《离亭燕》，词牌名之一。双调，七十二字，前后阕平仄格式同。“燕”同“宴”。前阕起首两句，只需协韵；后阕起首二句需用对偶。这个词牌的代表作品有宋朝词人张昪的《离亭燕·一带江山如画》。","2034"
"离别难",,"2035"
"破阵乐",,"2036"
"美人春",,"2037"
"雁后归",,"2038"
"朝天子","朝天子，唐教坊曲名用作词调名。《阳春集》名为《思越人》（与五代孙光宪、张泌、虔戾等51字之《思越人》迥异，与宋时贺铸55字之《思越人》格体不同）。双调46字，上下片各四句四仄韵。","2039"
"普天乐",,"2040"
"雪狮儿",,"2041"
"闲中好","闲中好调见唐段成式《酉阳杂俎》。因段词中有“闲中好”句，故取作词调名。 此调有不同诸格体，俱为单调。在此只列一体。四句，十八字。第二、四句押韵，均用平声韵。","2042"
"采莲子",,"2043"
"金凤钩",,"2044"
"卷珠帘","卷珠帘，词牌名。其词牌始于宋，双片六十字，前后片各四仄韵。后归于词牌《蝶恋花》别体。","2045"
"春草碧","春草碧，词牌名。有二体。双调七十五字仄韵体本名《番枪子》，以宋韩玉词末句“春草碧”，改此名。另一体宋万俟咏作，咏调名本意，双调九十八字，仄韵。著名的作品如金代吴激所作《春草碧》。","2046"
"拨棹子","词牌名，出自唐教坊曲名。双调六十一字，前段五句五仄韵，后段四句四仄韵。此词以唐尹鹗词为正体，其余如黄庭坚词之三声叶、无名氏词之摊破句法，皆变体。","2047"
"拂霓裳",,"2048"
"独脚令",,"2049"
"柳初新","词牌名，双调81字，上下片各七句五仄韵。","2050"
"忆汉月","词牌名，此调创自杜安世。","2051"
"归国谣","唐教坊曲名，后用为词牌。又作《归自谣》，双片三十四字，上下阕各三句三仄韵。句句用韵，一韵到底。《乐府雅词》注：道调宫。又名《风光子》，赵彦端词名《思佳客》。","2052"
"内家娇",,"2053"
"玉堂春",,"2054"
"石州引",,"2055"
"圣无忧",,"2056"
"四和香",,"2057"
"忆瑶姬","词牌名。此调有仄韵、平韵两体。仄韵者始自曹组，一名《别素质》；平韵者始自万俟咏，一名《别瑶姬慢》。","2058"
"长寿乐",,"2059"
"红窗听","亦名红窗睡。词牌名。双调，五十三字，仄韵。","2060"
"曲游春",,"2061"
"西地锦",,"2062"
"冉冉云","宋代古诗体裁。韩淲词，有“倚遍阑干弄花雨”句，更名《弄花雨》。双调五十九字，前后段各四句，四仄韵。","2063"
"过涧歇",,"2064"
"阳关曲","词牌名。因唐王维《送元二使安西》诗""西出阳关无故人""句而得名。单调二十八字，四句三平韵。宋苏轼有《阳关曲》词。","2065"
"回波乐","回波乐，又名《回波词》。原唐教坊曲名，后用作词调名。此调有不同诸格体，俱为单调。起句皆用“回波尔时”四字。在此只列一体。四句，二十四字。除第三句外，其余各句皆押韵，均用平声韵。","2066"
"回波词","乐府曲名。每句六言第一句用“回波尔时”四字起故名。后亦为舞曲。当今考证出来的最早的词调了。规则是 以回波二字起首第一、二，末压韵。","2067"
"千年调","千年调，词牌名，曹组词名《相思会》，因词有“刚作千年调”句，辛弃疾改名《千年调》。双调七十五字，前后段各九句、四仄韵。","2068"
"上行杯","词牌名，唐教坊曲，有三体(38字，39字，41字)俱为单调，这里只列38字一体，九句两平韵，五仄韵。","2069"
"上平西",,"2070"
"水仙子","曲牌名。又称为《湘妃怨》、《冯夷曲》、《凌波曲》、《凌波仙》等。入“双调”，亦入“中吕”、“南吕”。首二句宜对。六、七句可作五字，宜对；亦可作两个四字句，与末句相配。兼作小令、套曲。也可带《折桂令》为带过曲。南曲略同。","2071"
"天门谣","宋词的一种调名，因宋代词人贺铸的词中“叶渚天门险”句，取为此调名。据李之仪《姑溪词》注：“贺方回登采石蛾眉亭作也”。双调45字上下片各四句四仄韵。","2072"
"月宫春",,"2073"
"双双燕","词牌名。始见史达祖《梅溪集》，即以咏双燕。双阕九十八字，上阕五仄韵，下阕七仄韵。","2074"
"一络索","词牌名，又名《洛阳春》﹑《玉连环》等。然今所传辛词此调凡两首，均题《一落索》。欧阳修词名《洛阳春》，张先词名《玉连环》，韵律相同。","2075"
"八宝妆",,"2076"
"瑶花",,"2077"
"黄金",,"2078"
"征招",,"2079"
"八归",,"2080"
"大有",,"2081"
"寻梅",,"2082"
"丑奴儿令",,"2083"
"大江东去",,"2084"
"鹧鸪词",,"2085"
"醉垂鞭","这个词调最早出于张先词。双调四十二字，前后段各五句，三平韵、两仄韵。","2086"
"盐角儿","词牌名。王灼《碧鸡漫志》：“盐角儿，《嘉桔杂志》云：‘梅圣俞说，始教坊家人市盐，于纸角中得一曲谱，翻之，遂以名。’令双调《盐角儿》令是也。欧阳永叔尝制词。’","2087"
"锦缠道","《锦缠道》，词牌名，《全芳备祖·乐府》名《锦缠头》，江衍词名《锦缠绊》，原注黄钟宫。全词重头六十六字。前阕六句四仄韵，后阕六句三仄韵。后阕首句节奏为上一下四，第一字领格。后阕第四句八字，实则七字句上加一领格字，句节奏为上一下七，或以前“三、四”为断。","2088"
"锦帐春","“锦帐春”是一个词牌和曲牌名。双调六十字，前段七句四仄韵，后段七句五仄韵。该词牌出自辛弃疾的《稼轩集》，得名于“重帘不卷，翠屏天远”和“春色难留”这两句。该词牌的代表作品有辛弃疾、程珌等人创作的锦帐春。","2089"
"锦园春",,"2090"
"满朝欢",,"2091"
"摸鱼子",,"2092"
"海棠春令",,"2093"
"喜迁莺令",,"2094"
"愁倚阑令","《愁倚阑令》又名《春光好》、《愁倚栏》、《愁倚阑》、《倚阑令》。有双调四十一字，有双调四十二字。原是唐教坊曲名，相传唐玄宗因赏春景，命击羯鼓，吹玉笛，而成此调。后演为词调。因 宋 晏几道 词有“伴却一襟怀远泪，倚阑看”句，改名《愁倚阑令》、《愁倚阑》、《倚阑令》。见 宋 王灼 《碧鸡漫志》卷五。","2095"
"侍香金童",,"2096"
"明月逐人来","这首词是两宋之交词人李持正所作，录存于吴曾《能改斋漫录》卷十六，曾博得苏东坡叹赏。该词写的是北宋时汴京上元之夜灯节的情景。用该调填词是作者李持正的首创，之后另有张元干、史浩等人填此词牌。","2097"
"五福降中天",,"2098"
"三犯渡江云","三犯渡江云，又名《渡江云》。《清真集》入“小石调”。一百字，前后片各四平韵，后片第四句为上一、下四之句法，必须押一同部仄韵。所谓“三犯”，词曲中犯调的一种。是指一首词曲中宫调或句法犯三调者谓之三犯。","2099"
"鬓云松令","《鬓云松令》，《苏幕遮》的别名，是清康熙年间纳兰性德所做词。《苏幕遮》是唐玄宗时教坊曲名。原曲源自西域龟兹国，“苏幕遮”为“西戎胡语”。","2100"
"霓裳羽衣",,"2101"
"西湖明月引",,"2102"
"飞雪满群山",,"2103"
"转调踏莎行",,"2104"
"明月棹孤舟",,"2105"
"粉蝶儿慢",,"2106"
"壶中天慢",,"2107"
"高山流水",,"2108"
"鹊桥仙令","《鹊桥仙》，词牌名，又名《鹊桥仙令》、《金风玉露相逢曲》、《广寒秋》等，双调五十六字，前后阕各两仄韵，一韵到底。前后阕首两句要求对仗。","2109"
"庆清朝慢",,"2110"
"暗香疏影",,"2111"
"楚宫春慢",,"2112"
"梅子黄时雨",,"2113"
"献衷心","献衷心，词牌名。唐教坊曲有《献忠心》。敦煌曲子词有唐人所作《献忠心》词三首，其传写较完整者，双调六十九字，平韵。五代词名《献衷心》，双调六十四字或六十九字，平韵，其格律与敦煌曲子词大同小异。","2114"
"瑞云浓",,"2115"
"琵琶仙",,"2116"
"遥天奉",,"2117"
"楼上曲",,"2118"
"瑶池宴",,"2119"
"瑶花慢",,"2120"
"瑶阶草",,"2121"
"舞马词","《舞马词》为唐代文学家张说的作品。平仄不拘叶，首句可不用韵。此与《回波》、《三台》等皆六言绝句，用以按叠入歌，如七言之《清平调》、《小秦王》等，虽字数相同，而体制自别。","2122"
"醉妆词","醉妆词，词牌名。唐孙光宪《北梦琐言》云：“蜀王衍尝裹小巾，其尖如锥，宫人皆衣道服，簪莲花冠，施胭脂夹脸，号‘醉妆’，因作《醉妆词》。”","2123"
"摘红英",,"2124"
"燕春台","《燕春台》，词牌名。此调始自张先，盖春宴词也。因黄裳有夏宴词，刘泾改名《夏初临》。此调有不同诸格体，俱为双调。在此只列一体。前片十句，后片十一句，共九十八字。前片第三、五、六、七、十句和后片第四、六、八、九、十一句押韵，均用平声韵。","2125"
"赞成功","赞成功，五代毛文锡所创，调见《花间集》。词牌双调六十二字，前后段各七句四平韵。此调无唐、宋词别首可校。","2126"
"赞浦子","《赞浦子》唐教坊曲名用作词调名，双调42字，上下片各四句两平韵。敦煌写卷斯二六0七无调名，仅署“同前”二字，而前列二调均已残缺，任二北《敦煌曲初探》因其句法与《花间集》毛文锡《赞浦子》同（今查对见其曲调比毛文锡词的下片第二、三句各多一仄声字）乃以据补调为44字。","2127"
"翻香令",,"2128"
"鬓云松",,"2129"
"小重山令","即《小重山》，又名《小冲山》、《柳色新》。唐人常用此调写宫女幽怨。《词谱》以薛昭蕴词为正体。双调五十八字。上下片各四句，四平韵。换头句较上片起句少二字，其余各句上下片均同。另有五十七字、六十字两体，是变格。","2130"
"三台春曲",,"2131"
"氏州第一",,"2132"
"无愁可解",,"2133"
"上林春令","双调五十三字，前后段各四句。《词律》录杨无咎词四十字一体，脱去前段第三、四句两句，今按杨本集作，即毛词五十三字体也。谱内可平可仄参之。","2134"
"扑蝴蝶近",,"2135"
"麦秀两岐",,"2136"
"西平乐慢",,"2137"
"西子妆慢",,"2138"
"诉衷情近",,"2139"
"西子",,"2140"
"个侬","词牌名，调见廖莹中词，用起句为名。双调一百五十九字，前段十六句六仄韵，后段十六句八仄韵。","2141"
"眉妩","词牌名。西汉京兆尹张敞常为妻子画眉，长安人说他“眉妩”。调名本此。一名《百宜娇》。一百零三字，前片十一句五仄韵，后片十一句六仄韵。","2142"
"步月",,"2143"
"别怨",,"2144"
"戚氏","词牌名，始见《乐章集》，入“中吕调”。属长调慢词。兹以柳永词为准。二百一十二字，分三阙。上阙九平韵，一仄韵；中阙六平韵，三仄韵；下阙六平韵，二仄韵，同部参错互叶。此后名家所填此调者甚少，苏轼，丘处机，朱孝臧《戚氏》（沤尹为畹华索赋为调），丘词名为《梦游仙》。","2145"
"簇水","调见《惜香乐府》。双调八十五字，前段七句四仄韵，後段八句五仄韵。此亦谑词，因其调僻，采入以备一体。","2146"
"一七令","词牌名，自一字至七字为句,除第一句外,各二句,共五十五字。后谱为词，即以《一七令》为词牌名。另一体，其第一句亦作二句，共五十六字。","2147"
"少年心",,"2148"
"月中桂","双调一百四字，前段十一句五仄韵，后段十句五仄韵。","2149"
"凤求凰",,"2150"
"十样花","十样花调见李弥逊《筠溪集》。因李词他分咏十样花，故以为调名。此调有不同格体，俱为单调。这里列举一体六句28字，一、二、五、六旬押仄韵。","2151"
"三字令","词牌名。始见《花间集》。《张子野词》入“林钟商”。双调小令，四十八字，前后片各四平韵。宋人有于第二句下增“平仄仄”一句，作成对偶者。","2152"
"小冲山",,"2153"
"小镇西",,"2154"
"小秦王",,"2155"
"小阑干",,"2156"
"山亭柳","七十九字，平韵。此调有平韵、仄韵两体：平韵者始自晏殊； 仄韵者，始自杜世安。兹以晏殊平韵体为正格。","2157"
"如鱼水","词牌名。双调九十四字，前段九句六平韵，后段九句七平韵。","2158"
"向湖边",,"2159"
"纥那曲","单调二十字，四句三平韵。明胡震亨《唐音癸箴》云，纥那曲，不知所出。考唐天宝中，崔成甫翻得体歌，有得体纥那也。","2160"
"阳台梦",,"2161"
"扫地花",,"2162"
"过龙门",,"2163"
"江梅引",,"2164"
"西子妆",,"2165"
"西湖月",,"2166"
"红娘子",,"2167"
"庆春时","调见《小山乐府》，凡二首，俱庆赏春时宴乐之词。双调四十八字，前段六句两平韵，後段五句两平韵。","2168"
"甘州遍",,"2169"
"长生乐",,"2170"
"四代好",,"2171"
"四块玉",,"2172"
"四犯令",,"2173"
"玉京秋","词牌名，为宋末词人周密的自度曲，属夹钟羽调，词咏调名本意。全调共两片，十二仄韵。作此调者甚少，且不属于七宫十二调之内。然音韵谐美，别具声情。代表作有周密的《玉京秋·烟水阔》等。","2174"
"厅前柳",,"2175"
"劝金船","词牌名。取张先词中“何人窨得金船酒”句作为词调名。此调有不同渚格体，俱为双调。在此只列一体。前、后片各八句，共八十八字。前后片第一、二、三、四、六、八句押韵，均用仄声韵。","2176"
"归字谣","词牌名，又名《苍梧谣》。文学体裁属十六字令。创作年代为宋代。格律俱为单调十六字，四句三平韵。典作有南宋蔡伸的《苍梧谣》、现代毛泽东的《十六字令》三首。","2177"
"归去难",,"2178"
"忆闷令",,"2179"
"秋波媚","秋波媚，词牌名。全词四十八字，前片三平韵，后片两平韵。代表作品有南宋陆游的《秋波媚·七月十六日晚登高兴亭望长安南山》等。","2180"
"春晓曲","词牌名。此调因朱敦儒词中有“西楼月落鸡声急”句，又名《西楼月》。此调为单调二十七字，一、二、四句押仄声韵。","2181"
"怨春风",,"2182"
"怨三三","词名，出自李之仪《姑溪词》，取词中前段结句意为名。格式为双调五十字，前段四句四平韵，后段五句四平韵。另有贺铸的同调词《怨三三·玉津春水如蓝》。","2183"
"怨春郎",,"2184"
"拜新月",,"2185"
"迷仙引",,"2186"
"相思令","词牌名。亦称《长相思令》《长相思》《吴山青》。 双调三十六字，前后阕格式相同，各三平韵，一叠韵，一韵到底。","2187"
"卓牌子","卓牌子此调有两体，五十六字者始自杨无咎，一名《卓牌子令》；九十七字者始自万俟咏，一名《卓牌子慢》。双调五十六字，前後段各五句，三仄韵。","2188"
"轮台子",,"2189"
"陌上花","词牌名，《东坡词话》：钱塘人好唱《陌上花》，缓缓曲，盖吴越王遗事也。调名取此。双调九十八字，前后段各八句，四仄韵。","2190"
"佳人醉","词牌名，《乐章集》注双调。双调七十一字，上片七句五仄韵，下片八句六仄韵。","2191"
"转应曲","词牌名，也叫调笑令、三台令，源自中唐，部分文献称它为拗体之滥觞（起源）。","2192"
"罗敷媚",,"2193"
"金错刀",,"2194"
"金明池","《金明池》双调一百二十字，前段十句四仄韵，后段十一句五仄韵。调见《淮海词》，赋东京金明池，即以调为题也。李弥逊词名《昆明池》，僧挥词名《夏云峰》。","2195"
"饮马歌","调见宋人曹勋《松隐乐府》。饮牛马，即横笛吹之，不鼓不拍，句六仄韵。其自序云：“此曲自金源传至边城，声甚凄断。”此调为单调34字，八句六仄韵。","2196"
"青杏儿",,"2197"
"青衫湿",,"2198"
"夜半乐","唐教坊曲，后用为词牌。《乐章集》入“中吕调”。段安节《乐府杂录》：“明皇自潞州入平内难，半夜斩长乐门关，领兵入宫剪逆人，后撰此曲，名《还京乐》。”又有谓《夜半乐》与《还京乐》为二曲者。兹以柳永词为准。一百四十四字，分三段，前段、中段四仄韵，后段五仄韵。前段第四句是上一、下四句式。全曲格局开展，中段雍容不迫，后段则声拍促数矣。","2199"
"金缕歌",,"2200"
"纱窗恨","词牌名。唐教坊曲名用作词调名。双调。有四十一字﹑四十二字两体。前蜀毛文锡词有""月照纱窗，恨依依""句，故名。","2201"
"芭蕉雨",,"2202"
"君不悟",,"2203"
"折红英","《钗头凤》是一个词牌名，又名《折红英》，原名《撷芳词》，相传取自北宋政和间宫苑撷芳园之名。后因有“可怜孤似钗头凤”词句，故名。六十字，上下片各七仄韵，两叠韵，两部递换。声情凄紧。有很多古代和现代诗人，都以此曲调创作了许多著名的诗词。","2204"
"寿星明",,"2205"
"情久长",,"2206"
"黄鹤引","黄鹤引，词牌名称。基本格调是：双调，八十三字。前后段各八句，六仄韵。代表作为《宋·方资》。","2207"
"黄金缕","黄金缕又名蝶恋花，词牌名。商调曲；原唐教坊曲名，本采用于梁简文帝乐府：“翻阶蛱蝶恋花情”为名， 又名《鹊踏枝》、《凤栖梧》、《卷珠帘》、《一箩金》等。其词牌始于宋。双片六十字，前后片各四仄韵。","2208"
"探芳讯",,"2209"
"清波引",,"2210"
"梦扬州","《钦定词谱》云：“宋秦观自制词，取词中结句为名。”又云：“此调只此一词，无别首可校。”可知此词为少游创调。《花庵词选》及《草堂诗馀》别集题作“中春”。","2211"
"落梅风","落梅风，曲牌名，又名《寿阳曲》、《落梅引》，入双调。调见《梅苑》。按《梅苑》别有《落梅风》长调二首，俱一百六字，因《花草粹编》名《落梅》，亦名《落梅慢》，另编一体，不为类列。","2212"
"喜春来","喜春来，一名“阳春曲”。词牌名，也是曲牌名，散曲小令。《太平乐府》入中吕宫。《太和正音谱》入正宫。有多种格式。代表作品有张弘范《喜春来·金装宝剑藏龙口》等。","2213"
"谢新恩",,"2214"
"祭天神",,"2215"
"接贤宾","接贤宾此调有两体，五十九字者始于毛文锡词，一百十七字者始于柳永词。《乐章集》注：林钟商调，一名《集贤宾》。双调五十九字，前段四句三平韵，後段七句三平韵。","2216"
"欸乃曲","词牌名。因元结诗得名。单调二十八字﹐四句三平韵。","2217"
"剑器近","《剑器近》，词牌名之一。双片九十六字，前片八仄韵，后片七仄韵。此调传世作品不多，其代表作品是宋代词人袁去华创作的《剑器近·夜来雨》。","2218"
"宴山亭","《宴山亭》，词牌名。一作《燕山亭》。与《山亭宴》无涉。以宋徽宗赵佶词为准。双片九十九字。上片十一句五仄韵，下片十句五仄韵。","2219"
"宴瑶池",,"2220"
"海棠花",,"2221"
"倒垂柳",,"2222"
"惜分钗",,"2223"
"惜春令","惜春令，词牌名，为双调小令。格律为平韵格，双调五十字，前后段各四句，三平韵。","2224"
"薄命女",,"2225"
"望仙楼",,"2226"
"惜余春",,"2227"
"惜琼花",,"2228"
"惜芳菲",,"2229"
"望江东","《望江东》，宋词词牌名，出自北宋文学家黄庭坚作品《望江东·江水西头隔烟树》，见《山谷琴趣外篇》，具有双调五十二字，前后片各四仄韵的特点。","2230"
"望江怨",,"2231"
"望湘人",,"2232"
"爱孤云",,"2233"
"鸳鸯梦",,"2234"
"唤春愁",,"2235"
"啄木儿",,"2236"
"惜春郎","惜春郎，词牌名，调见《花草粹编》柳永词，因《乐章集》不载，故宫调无考。","2237"
"惜余欢",,"2238"
"逍遥乐",,"2239"
"涧底松",,"2240"
"凉州令",,"2241"
"家山好",,"2242"
"偶相逢",,"2243"
"恋香衾",,"2244"
"桂华明",,"2245"
"绣带子",,"2246"
"绣带儿",,"2247"
"绣停针",,"2248"
"送征衣",,"2249"
"洛妃怨",,"2250"
"珍珠令","珍珠令调见张炎《山中白云词》。双调五十二字，前段五句四仄韵，後段五句三仄韵、一叠韵。","2251"
"映山红",,"2252"
"荆州亭",,"2253"
"寄生草",,"2254"
"第一花",,"2255"
"淮甸春",,"2256"
"雪花飞","雪花飞是宋代的一个词牌名，起始于北宋年间。词见《山谷词》。《宋史·乐志》有云：“高角调”。按高角乃大吕之角声也。","2257"
"章台柳","章台柳此调为唐韩翃所制，韩有宠姬柳氏，临别，韩以此词寄之。后来，柳氏被番将沙咤利劫去，亦以此调回寄韩。因韩词句为“章台柳”取作调名。词见唐许尧佐《柳氏传》(《太平广记》卷四八五)与孟綮《本事诗》。原无调名，以起句三字名之，又名《忆章台》。调为单调五句27字四仄韵。第二句叠用第一句。","2258"
"落花时","词牌名，许增光绪六年（1880）《纳兰词》刻本，有注云：“按此调谱律不载，疑亦自度曲。一本作《好花时》。”双调四十八字，上阕三平韵，下阕两平韵。","2259"
"散天花","散天花，唐教坊曲名，后用作词牌名。此调与《朝玉阶》同，只后段起句平仄异。","2260"
"散余霞","散余霞，词牌名称。调名见本于南朝宋谢朓诗“余霞散成绮”句，双调45字上下片各四旬三仄韵。","2261"
"越江吟",,"2262"
"寒松叹",,"2263"
"期夜月",,"2264"
"御带花",,"2265"
"梦行云",,"2266"
"梦芙蓉",,"2267"
"望春回",,"2268"
"望书归",,"2269"
"梅弄影","词牌名，调见《丘崇集》咏梅词，因结句有“巡池看弄影”名，取以为名。双调四十八字，前後段各五句，四仄韵。此调只有此词，无他首可校。为《钦定词谱》卷七，第二十三调。","2270"
"探芳新",,"2271"
"梦横塘",,"2272"
"黄钟乐",,"2273"
"剪牡丹",,"2274"
"渔父乐",,"2275"
"梧桐影","梧桐影又名《明月斜》。因吕洞宾词中有“梧桐影”语，故取作词调名。此调为单调。四句，二十字。第二、四句押韵，均用仄声韵。","2276"
"琐寒窗",,"2277"
"彩云归",,"2278"
"彩凤飞",,"2279"
"寿山曲","调见赵德麟《侯鲭录》，南唐冯延巳作，因词中有“圣寿南山永同”句，故名。单调六十字，十句五平韵。","2280"
"折柳枝",,"2281"
"花非花",,"2282"
"花自落",,"2283"
"杏梁燕",,"2284"
"沙头雨",,"2285"
"寿楼春","词牌名。始见史达祖《梅溪词》，题为“寻春服感念”，殆是悼亡之作。双调一百零一字，前后片各六平韵。中多拗句，尤多连用平声之句，声情低抑，全作凄音。有用以填寿词者，大误。","2286"
"步花间",,"2287"
"迎新春","词牌名，柳永《乐章集》注“大石调”，双调一百四字，前段八句七仄韵，后段十一句六仄韵。","2288"
"芳心苦",,"2289"
"泛兰舟",,"2290"
"赤壁词",,"2291"
"快活年",,"2292"
"伴登临",,"2293"
"陇头泉","词牌名。双调一百三十九字，前片六平韵，后片五平韵。亦有于首句起韵者。","2294"
"芙蓉月",,"2295"
"夜如年",,"2296"
"采莲令","采莲令为宋代词人柳永创作《采莲令·月华收》的词牌名，唐宋词中，此调仅此一词。双调九十一字。上下阕各八句，各四仄韵。","2297"
"夜捣衣",,"2298"
"采明珠","三国魏曹植《洛神赋》：“或采明珠。”《宋史·乐志》有《采明珠》曲。调名取此。此周为双调。前片九句后片十一句，共九十七字。前片第二、四、五、九和后片第一、二、三、四、六、七、十一句押韵，均用仄声韵。","2299"
"定风流",,"2300"
"念良游",,"2301"
"画楼空",,"2302"
"画锦堂",,"2303"
"金浮图",,"2304"
"金明春",,"2305"
"远朝归",,"2306"
"金缕词",,"2307"
"杜韦娘",,"2308"
"忍泪吟",,"2309"
"阿那曲","词牌名。本为七言绝句，唐人以入乐府。旧题 杨太真 所作， 宋 人又名《鸡叫子》。《词律·阿那曲》：“即仄韵七言绝句，平仄不拘。又按此调《词谱》未收，疑即《纥那曲》之转音，《纥那曲》本五言七言绝句也。”","2310"
"转应词",,"2311"
"国门东",,"2312"
"念离群",,"2313"
"雨淋铃",,"2314"
"使牛子","使牛子调见曹冠《燕喜词》。双调五十字，前後段各四句，三仄韵。","2315"
"征部乐","词牌名，柳永《乐章集》注“夹钟商”，双调一百六字，上片九句六仄韵，下片十句五仄韵。","2316"
"松梢月",,"2317"
"杵声齐",,"2318"
"试周郎","词牌名，单调，33字，5仄韵，6平韵。双调正体44字，上片5句3平韵，下片6句3平韵。以梅子黄时雨著称的贺梅子贺铸有名词《诉衷情》。“时误新声，翻试周郎”，说不尽的妩媚风情，《诉衷情》的词牌从此又得别名《试周郎》。除了《试周郎》，《诉衷情》外，它还有别名。《桃花水》，《不花间》，《偶相逢》，《画楼空》等。","2319"
"卷春空",,"2320"
"拨不断","双调曲牌名。此调流行于南宋和元代。全曲六句，基本句式为三三七七七四。代表作品有王和卿的《拨不断·大鱼》和马致远的《拨不断·叹世》等。","2321"
"钓船笛",,"2322"
"春云怨","此冯艾子自度曲，双调一百三字，前段十一句五仄韵，后段十句五仄韵。","2323"
"春归怨",,"2324"
"南浦月",,"2325"
"恨来迟",,"2326"
"独倚楼",,"2327"
"拾翠羽","《拾翠羽》，词牌名，双调六十八字，前后段各七句、四仄韵。《洛神赋》：“或拾翠羽”，调名取此。此词牌见《于湖集》，无宋人别首可校。","2328"
"选官子",,"2329"
"误佳期",,"2330"
"柳腰轻","柳腰轻，北宋词人柳永所创。调见《乐章集》，注中吕宫，因词中有“英英妙舞腰肢软，章台柳，昭阳燕”句，取以为名。此词牌双调八十二字，前段八句四仄韵，后段七句四仄韵。","2331"
"秋月夜",,"2332"
"柳长春",,"2333"
"秋宵吟",,"2334"
"忆真妃",,"2335"
"忆余杭","词牌名。见《湘山野录》，潘阆自度曲，因忆西湖诸胜，故名《忆余杭》。《词律》编入《酒泉子》者误。双调四十八字，前段四句两平韵，后段四句两仄韵、两平韵，另一体为四十九字。","2336"
"忆吹箫",,"2337"
"玉抱肚",,"2338"
"忆君王",,"2339"
"忆萝月",,"2340"
"玉簟凉","词牌名，由宋代词人史达祖填词创调。全词为双调共九十七字，前后段各十句，五平韵。","2341"
"忆故人","词牌名。王词原为小令，或名《忆故人》。五十字，前片二仄韵，后片三仄韵。周作演为慢曲，《梦窗词集》入“大石调”。九十六字，前后片各五仄韵。","2342"
"玉人歌",,"2343"
"玉山枕",,"2344"
"玉京谣",,"2345"
"玉交枝",,"2346"
"玉阑干",,"2347"
"玉梅令","姜夔自度高平调曲，因词中有“玉梅几树”句，取以为名。双调六十六字，前段七句四仄韵，後段六句三仄韵。","2348"
"甘州子","词牌名。即《甘州曲》。唐教坊曲名，后用为词牌。单调三十三字，平韵。","2349"
"甘州令",,"2350"
"甘州曲","唐教坊曲名。《唐书·礼乐志》：天宝间乐曲，皆以边地为名，甘州其一也。单调三十三字，六句五平韵。","2351"
"甘州歌",,"2352"
"归平遥",,"2353"
"长命女","唐教坊曲名用作词调名。杜佑《理道要诀》作《长命女》；和凝词名作《薄命女》；冯延巳《长命女》词原为单调。《词谱》卷三于“再拜陈三愿”处分片作为双调。全词39字，上片三句三仄韵，下片四句仄韵。","2354"
"石湖仙","姜夔自度曲，寿范成大作也。成大号石湖，故以《石湖仙》命调，《白石集》注：越调。双调八十九字，前后段各九句，六仄韵。","2355"
"叨叨令",,"2356"
"且坐令","调见《东浦词》。双调七十字，前段七句五仄韵，後段六句六仄韵。","2357"
"台城游",,"2358"
"占春芳","占春芳，词牌名， 苏轼咏梨花制此调，取词中第三句为名。","2359"
"古阳关",,"2360"
"庆同天",,"2361"
"竹马儿","词牌名，又名竹马儿。双调，104字，仄韵。这是宋代词人柳永的自度曲，代表作就是柳永的《竹马子·登孤垒荒凉》。","2362"
"好时光",,"2363"
"竹香子","词牌名。竹香子调见刘过《龙洲集》。双调五十字，前後段各四句，三仄韵。","2364"
"西笑吟",,"2365"
"曲玉管","原唐教坊曲名，后用为词牌。双调。《乐章集》入“大石调”。一百零五字，前片两仄韵，四平韵，同部互协，后片三平韵。代表作品是柳永的《曲玉管·陇首云飞》。","2366"
"庆长春",,"2367"
"江如练",,"2368"
"江南柳",,"2369"
"付金钗",,"2370"
"鸟鸣涧",,"2371"
"阳台路",,"2372"
"安庆摸",,"2373"
"伤春曲",,"2374"
"伤春怨","据吴曾《能改斋漫录》卷十六，此为王安石梦中作。四十三字，前后片各三仄韵。“伤春怨”词牌只有王安石这一首词传世。","2375"
"百媚娘","调见宋张先《张子野词》。因张词中有“百媚等应天乞与”句，故取作词调名。此调为双调。前、后片各六句，共七十四字。前、后片除第三句外，其余各句皆押韵，均用仄声韵。","2376"
"百宜娇",,"2377"
"阳关引","词牌名此凋始于宋寇准之词作，见宋胡仔《苕溪渔隐丛话》，本桨括王维《阳关曲》而作。因寇词中有“听取《阳关》彻”句，故取作词调名。此调为双调，前、后片各八句，共七十八字。前片第一、二、五、七、八句和后片第二、五、七、八句押韵，均用仄声韵。","2378"
"有有令",,"2379"
"似娘儿",,"2380"
"吊严陵","词牌名，双调一百十九字，前段十四句七仄韵，后段十句六仄韵。因词有“严光钓址空遗迹”及“离觞吊古寓目”句，取以为名。又结句有“回首暮云千古碧”句，名《暮云碧》。","2381"
"夺锦标","词牌名称。又名《锦标归》、《清溪怨》。全词共一百零八字，上片四仄韵，下片五仄韵。代表作品有：元代张野的《夺锦标·七夕》和白朴作品《夺锦标》等。","2382"
"华清引","词牌名。词赋华清旧事，因以名调。词牌为苏轼首创。双调四十五字，前后段各四句，三平韵。","2383"
"师师令","双调七十三字，前后段各六句五仄韵，此词无别首可校。其前后段第二句、结句，俱作上一下四句法，填者不可泛作五言。","2384"
"伊川令",,"2385"
"字字双","词牌简介《字字双》，词牌名，又名《宛转曲》。平韵格，单调，二十八字，四句，四平韵。","2386"
"后庭宴","《庚溪诗话》曰：宋宣和中，掘地得石刻唐词，调名后庭宴。此词前段近《踏莎行》，后段字句，又与前段不同。《庚溪诗话》定为唐词，然无别首可校。此词牌双调六十字，前段五句三仄韵，后段六句三仄韵。","2387"
"山渐青",,"2388"
"万里春",,"2389"
"广寒秋","曲牌名。即折桂令。异名甚多。此调字句不拘，可以增损。 元 人作品中以作十一句或十二句为常。 明 陶宗仪 《辍耕录·广寒秋》：“《折桂令》，一名《广寒秋》，一名《天香第一枝》，一名《蟾宫引》。”","2390"
"天下乐",,"2391"
"大江西",,"2392"
"大江乘",,"2393"
"小梁州",,"2394"
"小梅花",,"2395"
"三台令","又名《开元乐》、《翠华引》。《三台》，原唐教坊曲名，后用作词调名。或加“令”字。“令”又曰小令、令词，为词牌之一种名称，多指短小的曲调（亦有例外），从唐代文人宴会上即席填写之酒令而来。与小令相对者，为慢词，体制较长。《三台令》较短，《三台》则较长（详该调）。","2396"
"三奠子","词牌名，调见《锦机集》。三奠子为双调，六十七字，上下片各九句四平韵。","2397"
"十二郎",,"2398"
"八音谐","词牌名，此调有平韵、仄韵二体。仄韵者，有吴、喻两词；平韵者，只《梅苑》无名氏一词。","2399"
"九回肠",,"2400"
"上阳春",,"2401"
"上西楼",,"2402"
"凤孤飞",,"2403"
"凤时春",,"2404"
"凤楼春","双调七十七字，前段八句六平韵，后段九句五平韵。此调见《花间集》，惟欧阳炯一词，无别首宋词可校。 按后段第六句“斜日照帘”，《花草粹编》作“帘栊”，《词综》仍之，然《花间集》无此字，又重押韵，不可从。至第七句用“平仄平仄仄平平”，句法微拗，当是音律宜然，填者审之。","2405"
"风蝶令",,"2406"
"月城春",,"2407"
"月当窗",,"2408"
"月边娇",,"2409"
"风中柳",,"2410"
"升平乐","唐代教坊曲名，后用为词牌。格律仅有一种，字数为一百三字，前后段各十一句，四平韵。代表作有吴奕《升平乐·水阁层台》等。","2411"
"王孙信",,"2412"
"无俗念",,"2413"
"无漏子",,"2414"
"太平时",,"2415"
"凤池吟",,"2416"
"双燕儿",,"2417"
"双瑞莲",,"2418"
"双声子",,"2419"
"斗百草",,"2420"
"斗鸡回",,"2421"
"斗婵娟",,"2422"
"双韵子","调见张先词集。按，金、元曲子有双声叠韵，调名疑出於此。双调四十九字，前段五句两仄韵，後段五句四仄韵。","2423"
"双荷叶",,"2424"
"一丝风","即《诉衷情》。原唐教坊曲名，后用作词调名。 宋张辑泊舟松江，曾作《诉衷情》词，歇拍云：“有谁蓑笠，一 钓丝风，吹尽荷香。”故名《一丝风》。见《东泽绮语》。","2425"
"人南渡",,"2426"
"二色莲",,"2427"
"塞姑","词牌名。“塞姑”者，顾名思义，则为唐时边塞闺人之词。实亦六言绝句，单调四句24字，第一、二、四句押仄声韵。","2428"
"镇西",,"2429"
"琼台",,"2430"
"凯歌",,"2431"
"韵令","词牌名。唐《教坊记》有《上韵》、《中韵》、《下韵》三小曲。《韵令》凋名，疑出于此。此调为双调。前、后片各九句，共七十六字。前、后片第二、三、五、七、九句押韵，均用平声韵。","2432"
"禁烟",,"2433"
"解红","词牌名，可能是宋词中唯一为儿童专做的词牌。按《宋史·乐志》，小儿舞队有《解红》，其曲失传。陈旸《乐书》载和凝作，乃唐词也。若《鸣鹤馀音》有《解红儿慢》，系元人所制，与此不同。","2434"
"索酒","词牌名，曹勋自度曲。一百零四字，仄韵。","2435"
"消息",,"2436"
"离鸾",,"2437"
"红情",,"2438"
"秋水",,"2439"
"鸣梭",,"2440"
"大椿",,"2441"
"长春",,"2442"
"比梅",,"2443"
"采桑子慢",,"2444"
"应天长令",,"2445"
"卓牌子慢",,"2446"
"恋芳春慢","调见万俟咏《大声集》。崇宁中，咏充大晟府制撰，依月用律制词，多应制之作。此词自注寒食前进，故以《恋芳春》为名也。","2447"
"西江月慢",,"2448"
"红林擒近","《红林擒近》，词牌名。调始《清真乐府》。《尔雅》云：“四时和，谓之玉烛。”取以为名。著名词人：周邦彦、方千里、史达祖，典范词作有《双调梅花》《海棠初雨后》。","2449"
"并蒂芙蓉",,"2450"
"花上月令","花上月令，南宋词人吴文英自度曲。此调无别词可校，其句读平仄当依之。","2451"
"双头莲令","双头莲令调见赵师侠《坦庵集》，咏信丰双莲，故制此词。双调四十八字，前後段各四句。","2452"
"玉楼春令",,"2453"
"玉连环影",,"2454"
"如此江山",,"2455"
"江城子慢","江城子慢，调见吕渭老集，是一个词牌。蔡松年词，名《江神子慢》。与《江城子》令词不同。本词双调一百九字，前段九句七仄韵，后段九句六仄韵。","2456"
"上林春慢",,"2457"
"少年游慢",,"2458"
"蝴蝶儿","蝴蝶儿（又作胡蝶儿），词牌名。见《花间集》南唐张泌词首句为“蝴蝶儿”，调为双调40字，上片四句四平韵，下片四句三平韵。","2459"
"小镇西犯",,"2460"
"千秋万岁",,"2461"
"翻翠袖",,"2462"
"穆护砂",,"2463"
"澡兰香",,"2464"
"蕃女怨","《蕃女怨》，词牌名。《金奁集》入“南吕宫”。全词七句三十一字，四仄韵，两平韵。唐温庭筠有《蕃女怨》二词，俱咏蕃女之怨，故词中有“雁门沙碛”诸语。","2465"
"撷芳词",,"2466"
"撼庭秋","词牌名，双调四十八字，上片五句三仄韵，下片六句两仄韵。","2467"
"燕归来",,"2468"
"醉吟商",,"2469"
"醉梅花",,"2470"
"酷相思","酷相思，词牌名之一。双调，六十六字，上下片各四仄韵，一叠韵。这个词牌的代表作品有宋代词人程垓的《酷相思·月挂霜林寒欲坠》等","2471"
"潇潇雨",,"2472"
"醉中天","《醉中天》是元曲的一只曲牌名。七句，句式为五五七五六四四，每句入韵，平仄混押。","2473"
"熙州慢","《熙州慢》，词牌名，《唐书·礼乐志》：“天宝乐曲皆以边地名，若伊州、甘州、凉州之类。” 按宋改镇洮军为熙州，本秦汉时陇西郡，亦边地也。调名《熙州》，义或取此。双调九十六字，前段十句三仄韵、一叶韵，后段八句六仄韵。","2474"
"醉桃园",,"2475"
"醉红妆","《醉红妆》，词牌名， 宋张先自度曲，调见《张子野词》，因词中有“一般妆样百般娇”及“郎未醉，有金貂”句，取以为名。","2476"
"醉思凡",,"2477"
"暮花天",,"2478"
"摘得新",,"2479"
"翠楼吟","《翠楼吟》，词牌名，姜夔自度“双调”曲。双片一百一字，前片六仄韵，后片七仄韵。前后片第七句第一字是领格，宜用去声。后片第二句是上一、下四句式。","2480"
"舞春风",,"2481"
"舞杨花",,"2482"
"舞迎春",,"2483"
"翠羽吟",,"2484"
"瑶池燕",,"2485"
"碧桃春",,"2486"
"蜀溪春",,"2487"
"碧云深",,"2488"
"锯解令","锯解令调见《逃禅词》。双调五十二字，前段四句两仄韵，後段四句三仄韵。","2489"
"谪仙怨",,"2490"
"频载酒",,"2491"
"黑漆弩",,"2492"
"紫玉箫",,"2493"
"晴偏好","晴偏好，此调以宋人李霜崖词结句“波光潋滟晴偏好”末三字而得名。据明人陈耀文《花草粹编云：“西湖虽有山泉，而大旱亦尝龟拆。嘉熙庚子水涸，芪草生焉。祈雨无应，李戏作此，逻者廉捕之不得。”此调为单调，四句24字，句句均，押仄声韵。","2494"
"替人愁",,"2495"
"晚云高",,"2496"
"隔帘听","《隔帘听》是常见词牌名。创始于初唐。 唐教坊曲名。《乐章集》注“林钟商”。坊刻与“梳妆早”句分段，今照《花草粹编》校正，其平仄无别首可校。《隔帘听》以柳永词为正格，双调七十五字，前段七句五仄韵，后段八句七仄韵。","2497"
"集贤宾",,"2498"
"满园花",,"2499"
"感恩多","感恩多，词牌名。本为唐教坊曲名。双调有三九﹑四十字两体。一体 双调三十九字，前段四句两仄韵、两平韵，后段五句两平韵、一叠韵。","2500"
"感庭秋",,"2501"
"愁风月",,"2502"
"献仙音",,"2503"
"殿前欢","元代小令曲牌名，由元朝散曲家、剧作家张可久所作的一首元曲小令。双调四十二字，前段四句三平韵、一叶韵，后段五句两平韵、两叶韵。","2504"
"新念别",,"2505"
"铜人捧露盘",,"2506"
"阑干万里心",,"2507"
"莺声绕红楼",,"2508"
"骤雨打新荷","《骤雨打新荷》，曲牌名，又名《小圣乐》、《入双调》，因金·元好问曲中有“骤雨过，珍珠乱糁，打遍新荷”几句脍炙人口，曲牌便被后人习惯称为《骤雨打新荷》。旧谱亦编入词调。双调九十五字，前段十句三平韵、一叶韵，后段十句四平韵。","2509"
"摊破江城子",,"2510"
"雪月交光",,"2511"
"换巢鸾凤","词牌名。南宋史达祖自制曲，因词中有“换巢鸾凤教偕老”句故名．双调一百字，上阕压平韵，但末句叶仄韵；下阕全叶仄韵。","2512"
"越女镜心",,"2513"
"疏帘淡月",,"2514"
"紫萸香慢","紫萸香慢，词牌名，“紫萸”是一种植物，“慢”是一种词牌调子的格式。全词双调一百十四字，前段十句四平韵，后段十二句七平韵 ，调见凤林书院元词，姚云文自度腔。因词有“紫萸一枝传赐”句，取以为名，后成为一种词牌格式。清代作家屈大均曾写过此词牌格式的作品《紫萸香慢 送雁》。","2515"
"貂裘换酒",,"2516"
"宴春台慢",,"2517"
"虞美人令",,"2518"
"虞美人影",,"2519"
"捣练子令",,"2520"
"渔父家风","渔父家风，词牌名，即诉衷情。双调。原为唐教坊曲名，后用作词牌。始见于《花间集》。","2521"
"惜双双令",,"2522"
"惜余春慢",,"2523"
"贺圣朝影",,"2524"
"宫中三台",,"2525"
"宫中调笑",,"2526"
"春风袅娜","《春风袅娜》这个词调最早出现在冯艾子《云月词》中。《词律》收冯艾子一首，并注解说：“云月自度曲”，也就是说该词调是冯艾子所。该词牌名取的本义则是指柳枝。","2527"
"皂罗特髻",,"2528"
"郭郎儿近拍","调见《乐章集》，注仙吕调。按，《乐府雅录》：傀儡子戏，其引歌舞，有郭郎者，善优笑，闾里呼为郭郎，凡戏场必在俳儿之首。柳词调名，或取诸此。 郭郎儿近拍 双调七十三字，前段七句五仄韵，后段八句四仄韵。","2529"
"春夏两相期","《春夏两相期》为古词牌名，调见《竹山词》，格为双调一百字，前段九句五仄韵，后段十句五仄韵。在《简明钦定词谱》中有收录，以蒋捷的词为例。","2530"
"桃园忆故人","本调四十八字，前后阕同，一韵到底。","2531"
"大江西上曲",,"2532"
"送入我门来","《送入我门来》 调见《草堂诗余》。宋胡浩然除夕词有“东风尽力，一齐吹送，入此门来”之句，取以为名。","2533"
"快活年近拍",,"2534"
"玉女迎春慢",,"2535"
"辘轳金井",,"2536"
"湘春夜月",,"2537"
"月底修箫谱",,"2538"
"玉人捧露盘",,"2539"
"五绿结同心",,"2540"
"三犯锦园春",,"2541"
"骊歌一叠",,"2542"
"惠兰芬引",,"2543"
"谢春池慢",,"2544"
"辘轳仙影",,"2545"
"露华春慢",,"2546"
"玉女逢春慢",,"2547"
"扶醉去春寒",,"2548"
"后庭花破子",,"2549"
"红杏泄春光",,"2550"
"玉女摇仙珮",,"2551"
"玉珥坠金环",,"2552"
"东风齐看力",,"2553"
"东风吹酒面",,"2554"
"四犯剪梅花",,"2555"
"四笑江梅引",,"2556"
"江月见重山",,"2557"
"花雪满堆山",,"2558"
"金盏倒垂帘",,"2559"
"巫山一片云",,"2560"
"捉拍丑奴儿",,"2561"
"细雨鸣春沼",,"2562"
"荷叶铺水面",,"2563"
"明月生南浦",,"2564"
"采茶煮春碧",,"2565"
"泛情波摘遍",,"2566"
"铀带长中空",,"2567"
"高平探芳新",,"2568"
"缺月挂疏桐",,"2569"
"春雪问早梅",,"2570"
"添字采桑子",,"2571"
"清风八咏楼",,"2572"
"梁州令叠韵",,"2573"
"绿孟舞风轻",,"2574"
"弦曲献仙音",,"2575"
"番马舞西风",,"2576"
"晴色入青山",,"2577"
"喝马一枝花",,"2578"
"夜鸟飞慢",,"2579"
"浪里来煞",,"2580"
"洞仙歌慢",,"2581"
"春早湖山",,"2582"
"绕地游慢",,"2583"
"思焦客令",,"2584"
"金碧芙蓉",,"2585"
"闺怨无梦",,"2586"
"相思令儿",,"2587"
"颂圣朝影",,"2588"
"烘春桃李",,"2589"
"秋色横空",,"2590"
"秋光满目",,"2591"
"得春令慢",,"2592"
"盐角儿令",,"2593"
"海天阔处",,"2594"
"海棠花令",,"2595"
"雪月先交",,"2596"
"唱调笑令",,"2597"
"感皇恩慢",,"2598"
"感恩多令",,"2599"
"紫花儿序",,"2600"
"愁春未醒",,"2601"
"踏莎美人",,"2602"
"隔溪栖令",,"2603"
"隔溪梅令",,"2604"
"黄河清慢",,"2605"
"晚香时候",,"2606"
"晚云烘月",,"2607"
"绿鸾归令",,"2608"
"锦堂春慢",,"2609"
"郭郎儿慢",,"2610"
"瑞鹤仙影",,"2611"
"银河浮槎",,"2612"
"庭院深深",,"2613"
"望云滩引",,"2614"
"望花花令",,"2615"
"福寿千春",,"2616"
"刷子序犯",,"2617"
"九重春色万年",,"2618"
"望月楼罗门引",,"2619"
"惜花春起早慢",,"2620"
"摊破采桑子",,"2621"
"潇湘逢故人慢",,"2622"
"满路花捉拍",,"2623"
"琴瑟相思引",,"2624"
"黄鹤绕碧树",,"2625"
"征招调中腔",,"2626"
"醉吟仙小品",,"2627"
"扁舟寻旧约",,"2628"
"愁倚阑干令",,"2629"
"桂花镇南枝",,"2630"
"塞里春",,"2631"
"照红梅",,"2632"
"照碧桃",,"2633"
"殿前催",,"2634"
"楚天谣",,"2635"
"楚云深",,"2636"
"愁春来",,"2637"
"解春风",,"2638"
"解冤结",,"2639"
"新水令",,"2640"
"新水命",,"2641"
"新安路",,"2642"
"瑞飞好",,"2643"
"满官花",,"2644"
"满院春",,"2645"
"锦花香",,"2646"
"锦上花",,"2647"
"满庭花",,"2648"
"解火令",,"2649"
"解佩环",,"2650"
"喝大令",,"2651"
"葛浦曲",,"2652"
"敬天花",,"2653"
"道成归",,"2654"
"款残红",,"2655"
"缕金金",,"2656"
"崐绣毯",,"2657"
"搅琵琶",,"2658"
"滞人娇",,"2659"
"泪红云",,"2660"
"蕊珠间",,"2661"
"催花乐",,"2662"
"碧美蓉",,"2663"
"碧玉箫",,"2664"
"揽挣琶",,"2665"
"鲍老催",,"2666"
"蓬莱阁",,"2667"
"意不尽",,"2668"
"碧梦",,"2669"
"翠华引",,"2670"
"翠园枝",,"2671"
"暮云碧",,"2672"
"暮山溪",,"2673"
"醉乡春",,"2674"
"醉花番",,"2675"
"醉花荫",,"2676"
"醉花春",,"2677"
"醉扶归",,"2678"
"醉落拓",,"2679"
"醉木犀",,"2680"
"醉春台",,"2681"
"睿思新",,"2682"
"慢卷紬",,"2683"
"福马郎",,"2684"
"滚绣球",,"2685"
"愿成双",,"2686"
"叠萝花",,"2687"
"箜篌曲",,"2688"
"醉江月",,"2689"
"赛红娘",,"2690"
"赛天香",,"2691"
"潇湘曲",,"2692"
"醉东风",,"2693"
"醉瑶瑟",,"2694"
"踏春游",,"2695"
"燕台春",,"2696"
"燕同宴",,"2697"
"燕莺语",,"2698"
"踏枝间",,"2699"
"鹦鹉曲",,"2700"
"镜中人",,"2701"
"鞋儿曲",,"2702"
"懒画眉",,"2703"
"醋葫芦",,"2704"
"怜薄命",,"2705"
"踏阳春",,"2706"
"踏云行",,"2707"
"踏马阵",,"2708"
"横塘路",,"2709"
"檐前缺",,"2710"
"濯香令",,"2711"
"霜花膄",,"2712"
"鬓边华",,"2713"
"攀鞍态露华慢",,"2714"
"一江春水",,"2715"
"一枝花犯",,"2716"
"二十四会",,"2717"
"八节同欢",,"2718"
"九重春色",,"2719"
"人在楼上",,"2720"
"万年欢慢",,"2721"
"万斯年曲",,"2722"
"三调笑令",,"2723"
"山镇西犯",,"2724"
"马家春慢",,"2725"
"女冠子慢",,"2726"
"天下乐令",,"2727"
"云淡秋空",,"2728"
"小楼莲花",,"2729"
"大刀将军",,"2730"
"十六字令",,"2731"
"霜菊花",,"2732"
"月上瓜州",,"2733"
"云鬓松令",,"2734"
"风中柳令",,"2735"
"风大松慢",,"2736"
"凤棲梧桐",,"2737"
"江南春慢",,"2738"
"玉腊梅枝",,"2739"
"汉宫春慢",,"2740"
"玉水明沙",,"2741"
"不如归去",,"2742"
"丑奴儿近",,"2743"
"长命女令",,"2744"
"庆春泽慢",,"2745"
"明月逐来",,"2746"
"迎春乐令",,"2747"
"花犯念奴",,"2748"
"泛情波偏",,"2749"
"红情绿意",,"2750"
"尹州三台",,"2751"
"朱奴儿犯",,"2752"
"灯月交辉",,"2753"
"西施愁春",,"2754"
"青山湿遍",,"2755"
"罗敷夜歌",,"2756"
"念家山破",,"2757"
"应时明近",,"2758"
"应天长慢",,"2759"
"空亭日暮",,"2760"
"卖花声煞",,"2761"
"画堂春慢",,"2762"
"鱼水春来",,"2763"
"鱼水同欢",,"2764"
"村里逐鼓",,"2765"
"送大守词",,"2766"
"法驾道引",,"2767"
"白萱",,"2768"
"月慢",,"2769"
"犯花",,"2770"
"古记",,"2771"
"东仙",,"2772"
"乐正",,"2773"
"乐令",,"2774"
"乐世",,"2775"
"八塞",,"2776"
"丁儿",,"2777"
"无怨",,"2778"
"木笡",,"2779"
"五拍",,"2780"
"胡州",,"2781"
"春弄",,"2782"
"绿腰",,"2783"
"绿意",,"2784"
"垂阳",,"2785"
"相月",,"2786"
"胜常",,"2787"
"宣情",,"2788"
"佳色",,"2789"
"录调",,"2790"
"招潮",,"2791"
"杜宇",,"2792"
"防露",,"2793"
"留家",,"2794"
"排歌",,"2795"
"梁令",,"2796"
"寒姑",,"2797"
"情词",,"2798"
"歌令",,"2799"
"赚煞",,"2800"
"催雪",,"2801"
"踏月",,"2802"
"横云",,"2803"
"鞮红",,"2804"
"酹月",,"2805"
"一捻红",,"2806"
"一斛球",,"2807"
"卜玉郎",,"2808"
"七娘仔",,"2809"
"一过金",,"2810"
"一梦金",,"2811"
"一半子",,"2812"
"一江风",,"2813"
"一叶叶",,"2814"
"一叶乐",,"2815"
"一落春",,"2816"
"一年春",,"2817"
"一痕沙",,"2818"
"一样花",,"2819"
"一点春",,"2820"
"双蕖怨",,"2821"
"双鸿鹑",,"2822"
"双红豆",,"2823"
"双劝酒",,"2824"
"斗鹌鹑",,"2825"
"无梦令",,"2826"
"双带子",,"2827"
"双飞燕",,"2828"
"太平令",,"2829"
"无锡景",,"2830"
"不水船",,"2831"
"不是路",,"2832"
"不怕醉",,"2833"
"六六峰",,"2834"
"六么序",,"2835"
"五更转",,"2836"
"五供养",,"2837"
"丰乐楼",,"2838"
"丰年瑞",,"2839"
"中央乐",,"2840"
"风光好",,"2841"
"风归云",,"2842"
"风马儿",,"2843"
"月当听",,"2844"
"天香引",,"2845"
"月儿高",,"2846"
"风敲竹",,"2847"
"云雾敛",,"2848"
"云松令",,"2849"
"云鬓乱",,"2850"
"水云游",,"2851"
"水漫声",,"2852"
"水调歌",,"2853"
"水晶帘",,"2854"
"凤仙引",,"2855"
"凤楼吟",,"2856"
"凤萧吟",,"2857"
"凤御杯",,"2858"
"凤凰间",,"2859"
"凤棲梧",,"2860"
"上南平",,"2861"
"下手迟",,"2862"
"上平南",,"2863"
"上小楼",,"2864"
"上束马",,"2865"
"上升花",,"2866"
"上江虹",,"2867"
"上马娇",,"2868"
"九张帆",,"2869"
"九能归",,"2870"
"十爱词",,"2871"
"十二红",,"2872"
"十八香",,"2873"
"二十时",,"2874"
"三株媚",,"2875"
"三学士",,"2876"
"千春词",,"2877"
"万年秋",,"2878"
"万年枝",,"2879"
"万年春",,"2880"
"小圣乐",,"2881"
"小桃花",,"2882"
"小庭花",,"2883"
"川拨棹",,"2884"
"干荷叶",,"2885"
"广寒枝",,"2886"
"万年斯",,"2887"
"山外云",,"2888"
"山桃红",,"2889"
"山鬼谣",,"2890"
"山亭燕",,"2891"
"乔木查",,"2892"
"乔牌儿",,"2893"
"字字锦",,"2894"
"羽仙歌",,"2895"
"伊州令",,"2896"
"回婆乐",,"2897"
"回心院",,"2898"
"华荷媚",,"2899"
"如意令",,"2900"
"迈陂塘",,"2901"
"向天盏",,"2902"
"庄椿岁",,"2903"
"阵破乐",,"2904"
"雪芳草",,"2905"
"寻瑶草",,"2906"
"扫市舞",,"2907"
"过江龙",,"2908"
"阳台曲",,"2909"
"扫地舞",,"2910"
"扫地游",,"2911"
"百字字",,"2912"
"百尺楼",,"2913"
"早春怨",,"2914"
"早梅香",,"2915"
"行杳子",,"2916"
"行不得",,"2917"
"江南忆",,"2918"
"对玉环",,"2919"
"市桥柳",,"2920"
"江儿水",,"2921"
"江月令",,"2922"
"江亭怨",,"2923"
"西平曲",,"2924"
"庆青春",,"2925"
"庆千秋",,"2926"
"西意曲",,"2927"
"西意令",,"2928"
"西梦令",,"2929"
"西楼子",,"2930"
"西河慢",,"2931"
"西湖边",,"2932"
"西湖路",,"2933"
"西湖春",,"2934"
"西施锦",,"2935"
"红窗睡",,"2936"
"红窗影",,"2937"
"好姐姐",,"2938"
"好离乡",,"2939"
"好观音",,"2940"
"竹枝子",,"2941"
"竹马车",,"2942"
"好花时",,"2943"
"竹牌儿",,"2944"
"庆东原",,"2945"
"庆宣和",,"2946"
"庆春岁",,"2947"
"庆春深",,"2948"
"红娘仔",,"2949"
"红梅引",,"2950"
"红楼引",,"2951"
"曲入门",,"2952"
"曲入冥",,"2953"
"曲千秋",,"2954"
"古梅曲",,"2955"
"古倾杯",,"2956"
"古调笑",,"2957"
"古竹马",,"2958"
"东阳歌",,"2959"
"东原乐",,"2960"
"东风寒",,"2961"
"东湖月",,"2962"
"占春魁",,"2963"
"占梅芳",,"2964"
"石州行",,"2965"
"永原乐",,"2966"
"加侍香",,"2967"
"瓜茉莉",,"2968"
"北杨柳",,"2969"
"击裙腰",,"2970"
"丝罗袄",,"2971"
"犯胡兵",,"2972"
"乐中悲",,"2973"
"乐逊曲",,"2974"
"扑粉蝶",,"2975"
"圣乐王",,"2976"
"石榴花",,"2977"
"白雪词",,"2978"
"白萱歌",,"2979"
"白苹香",,"2980"
"白鸽子",,"2981"
"白鹤子",,"2982"
"东平引",,"2983"
"长桥月",,"2984"
"长安女",,"2985"
"四和春",,"2986"
"四季花",,"2987"
"四换头",,"2988"
"四时好",,"2989"
"四边静",,"2990"
"归塞北",,"2991"
"玉美蓉",,"2992"
"玉龙瑶",,"2993"
"玉莲花",,"2994"
"玉京箫",,"2995"
"玉竹斩",,"2996"
"玉山颓",,"2997"
"巴渝辞",,"2998"
"元和令",,"2999"
"元会曲",,"3000"
"见龙门",,"3001"
"飞来峰",,"3002"
"比目鱼",,"3003"
"文风盛",,"3004"
"忆人人",,"3005"
"玉簟秋",,"3006"
"忆岁月",,"3007"
"忆江月",,"3008"
"忆多娇",,"3009"
"忆章台",,"3010"
"忆柳曲",,"3011"
"归去曲",,"3012"
"归巴乐",,"3013"
"归自谣",,"3014"
"秋景丽",,"3015"
"柳叶儿",,"3016"
"柳色黄",,"3017"
"柳色新",,"3018"
"春丽景",,"3019"
"春莺转",,"3020"
"秋千索",,"3021"
"秋思耗",,"3022"
"秋思夜",,"3023"
"怨啼鹃",,"3024"
"南平引",,"3025"
"怨春归",,"3026"
"怨春闺",,"3027"
"柳枝秋",,"3028"
"柳梢春",,"3029"
"误桃源",,"3030"
"拾菜娘",,"3031"
"剑气近",,"3032"
"垂杨柳",,"3033"
"垂碧柳",,"3034"
"恨春时",,"3035"
"恨春宵",,"3036"
"洞渎神",,"3037"
"贺熙朝",,"3038"
"洞中仙",,"3039"
"洞仙词",,"3040"
"相思子",,"3041"
"点牌儿",,"3042"
"点樱桃",,"3043"
"春去也",,"3044"
"春心荡",,"3045"
"春衫泪",,"3046"
"春团圆",,"3047"
"春宵曲",,"3048"
"春声满",,"3049"
"春声啐",,"3050"
"春初临",,"3051"
"宝钗分",,"3052"
"鱼儿赚",,"3053"
"苗儿秀",,"3054"
"话桐乡",,"3055"
"学士吟",,"3056"
"咏捣练",,"3057"
"沽美酒",,"3058"
"贫也乐",,"3059"
"於中好",,"3060"
"油葫芦",,"3061"
"驻云飞",,"3062"
"陌上郎",,"3063"
"怕春归",,"3064"
"怜薄命",,"3065"
"恒春令",,"3066"
"拍球场",,"3067"
"拙鲁连",,"3068"
"试罗香",,"3069"
"国香慢",,"3070"
"武林春",,"3071"
"明月斜",,"3072"
"罗唝曲",,"3073"
"告春来",,"3074"
"怀旧游",,"3075"
"别仙子",,"3076"
"弄花雨",,"3077"
"吹柳紊",,"3078"
"连枝理",,"3079"
"这横山",,"3080"
"鸡叫子",,"3081"
"沐皇恩",,"3082"
"秃厮儿",,"3083"
"陂搪柳",,"3084"
"灼灼花",,"3085"
"金凤调",,"3086"
"金菊香",,"3087"
"陂堂柳",,"3088"
"金字经",,"3089"
"金欢带",,"3090"
"画娥眉",,"3091"
"画招郎",,"3092"
"念香衾",,"3093"
"画屏春",,"3094"
"采綵令",,"3095"
"采绿令",,"3096"
"夜来花",,"3097"
"夜飞乐",,"3098"
"夜游朝",,"3099"
"青哥儿",,"3100"
"青歌儿",,"3101"
"青云怨",,"3102"
"芙蓉曲",,"3103"
"胡山青",,"3104"
"胡音子",,"3105"
"陇头月",,"3106"
"快活三",,"3107"
"闲闲令",,"3108"
"声块令",,"3109"
"伴云来",,"3110"
"纱窗怨",,"3111"
"泠青沼",,"3112"
"孝白歌",,"3113"
"秀厢儿",,"3114"
"秀碧宵",,"3115"
"佛霓裳",,"3116"
"迎春来",,"3117"
"还冠子",,"3118"
"君来路",,"3119"
"抛绣球",,"3120"
"村意远",,"3121"
"步虚声",,"3122"
"步步娇",,"3123"
"应天良",,"3124"
"应长天",,"3125"
"应景乐",,"3126"
"杏花风",,"3127"
"沙碛子",,"3128"
"苏台新",,"3129"
"花相容",,"3130"
"花间意",,"3131"
"花深深",,"3132"
"花前饮",,"3133"
"花溪碧",,"3134"
"折红梅",,"3135"
"折花令",,"3136"
"寿南山",,"3137"
"寿桃春",,"3138"
"情天久",,"3139"
"深院月",,"3140"
"深院静",,"3141"
"绮秦怨",,"3142"
"菊花天",,"3143"
"脱布巾",,"3144"
"脱布衫",,"3145"
"掷半浣",,"3146"
"掷金钱",,"3147"
"雪绿蓑",,"3148"
"混江龙",,"3149"
"混罗衣",,"3150"
"梧桐树",,"3151"
"梧叶儿",,"3152"
"梧桐儿",,"3153"
"渔家乐",,"3154"
"剪征袍",,"3155"
"剪湘云",,"3156"
"剪朝霞",,"3157"
"探道子",,"3158"
"探花慢",,"3159"
"清江行",,"3160"
"情江曲",,"3161"
"清和风",,"3162"
"梅已谢",,"3163"
"梅月圆",,"3164"
"梅和柳",,"3165"
"梅花句",,"3166"
"梦仙游",,"3167"
"梦还凉",,"3168"
"梦魂香",,"3169"
"望梅潮",,"3170"
"望夫歌",,"3171"
"望蓬莱",,"3172"
"梦江口",,"3173"
"最高春",,"3174"
"悲中乐",,"3175"
"番抢子",,"3176"
"番卜算",,"3177"
"森春慢",,"3178"
"溅罗裙",,"3179"
"景龙灯",,"3180"
"渭城曲",,"3181"
"寒连新",,"3182"
"腊梅花",,"3183"
"腊梅香",,"3184"
"腊前梅",,"3185"
"锁寒窗",,"3186"
"锁阳台",,"3187"
"寒食词",,"3188"
"越溪寒",,"3189"
"普贤歌",,"3190"
"赏先春",,"3191"
"赏花时",,"3192"
"萍宫春",,"3193"
"萧萧雨",,"3194"
"维扬好",,"3195"
"得胜令",,"3196"
"甜水令",,"3197"
"掉角儿",,"3198"
"麻郎儿",,"3199"
"喜连声",,"3200"
